Order Number,MIS Date,Bible MIS Date
99999088,9-Feb-18,1-Jan-18
10210074,1-Mar-18,1-Dec-17
10211884,24-Jan-19,28-Nov-18
2001311,30-Nov-17,16-May-17
201942,5-Mar-18,14-Jun-17
10211973,4-Feb-19,28-Nov-18
10211972,4-Feb-19,19-Nov-18
10212041,12-Feb-19,23-Aug-18
10212061,13-Feb-19,31-Dec-18
10212137,22-Feb-19,24-Jan-19
10610856,27-Feb-19,28-Dec-18
10610858,27-Feb-19,28-Dec-18
10610861,28-Feb-19,27-Dec-18
10610864,28-Feb-19,1-Feb-19
10610865,28-Feb-19,1-Feb-19
100000546,7-Apr-15,3-Mar-15
100000495,23-May-15,18-Mar-15
100000536,27-Apr-15,31-Mar-15
100000853,3-Mar-16,5-Nov-15
200227,11-Jun-16,1-Mar-16
100000820,4-Apr-16,1-Mar-16
200165,2-Jun-16,1-Apr-16
100000696,4-May-16,5-Apr-16
10610873,1-Mar-19,4-Sep-18
10610874,1-Mar-19,12-Sep-18
10610875,1-Mar-19,1-Feb-19
10212235,4-Mar-19,31-Dec-18
10212364,16-Mar-19,28-Aug-18
10212396,19-Mar-19,31-Dec-18
10212435,25-Mar-19,31-Dec-18
10212451,27-Mar-19,22-Jan-19
10212458,27-Mar-19,23-Jan-19
10212469,23-Jan-19,26-Feb-19
10212474,27-Mar-19,25-Dec-18
10610948,27-Mar-19,1-Mar-19
10210151,1-May-18,1-Jun-18
10210294,12-Feb-18,31-May-18
10210453,30-Apr-18,1-Jun-18
10210915,12-Sep-18,10-Jan-18
10610147,18-Jun-18,3-Aug-17
