id,aliasname,address,sap_id,created_at,updated_at
3484,"Atishay Indenture ",,NULL,NULL,NULL
3483," Atishay Indenture Pvt. Ltd.",,1808,"2018-10-17 10:11:23","2018-10-17 10:11:25"
3482,"KBS Creations",,1807,"2018-10-17 08:41:16","2018-10-17 08:43:23"
3480,ACCIONA,,1806,"2018-10-13 07:29:46","2018-10-13 07:29:47"
3479,ABInBev,,1805,"2018-10-12 12:34:45","2018-10-12 12:37:56"
3478,"Ambuja Cements",,1804,"2018-10-12 12:07:59","2018-10-12 12:09:56"
3477,Flex,,1802,"2018-10-04 13:14:43","2018-10-12 12:47:35"
3476,"Ruchi Soya Industries",,1801,"2018-10-12 10:11:19","2018-10-12 10:11:21"
3475,"Odisha Power Generation",,1800,"2018-10-12 08:32:28","2018-10-12 08:34:03"
3474,"Dr. Lal PathLabs",,1799,"2018-10-12 06:06:49","2018-10-12 06:08:33"
3473,Brahmaputra,,1797,"2018-10-10 06:39:27","2018-10-10 06:40:15"
3472,"ARB Buildcon",,1796,"2018-10-08 07:07:58","2018-10-10 16:56:22"
3471,"Kemwell Biopharma",,1795,"2018-10-05 11:44:11","2018-10-05 12:06:06"
3470,"Flextronics Technologies",,1794,NULL,NULL
3469,"Suzuki Motor",,1793,"2018-10-04 12:23:52","2018-10-08 04:58:40"
3468,"Punj Lloyd",,1792,"2018-10-03 12:43:30","2018-10-03 12:45:17"
3467,"Diesel Gen Services",,1791,"2018-10-03 04:49:33","2018-10-03 04:52:28"
3466,PRISM,,1789,"2018-09-29 05:59:55","2018-09-29 06:00:04"
3465,"East West Pipeline",,1788,"2018-09-28 10:03:55","2018-09-28 10:04:20"
3464,"MEP International",,1787,"2018-09-28 07:30:09","2018-09-28 07:30:10"
