inquiry_no,alias,order_number,report_total,mis_date
7407,MGL,10210566,584526,17-Jul-2018
10063,Adani Gas,10210056,349248,12-May-2018
10491,GE Power Systems,10610147,-80135,26-Sep-2018
10541,Pragati Power,10200222,2729458,1-Apr-2018
10649,GAIL,10210392,258985,15-Jun-2018
11120,NRL,10210542,4240622,13-Jul-2018
11120,NRL,10210543,5474509,13-Jul-2018
13553,Galiakotwala,2001752,1873859.52,1-Apr-2018
13775,DHL,10910020,180000,15-Jun-2018
14346,Nhava Sheva,10210126,8859.22,25-Apr-2018
14532,Cummins,10211260,569412.15,12-Nov-2018
15005,KazStroy,10210074,4411115,1-Apr-2018
15029,Galiakotwala,10210328,6071923.2,1-Apr-2018
15408,NRL,2002200,3907286,18-Jul-2018
15681,Abdon M Valladares,10210093,212,1-May-2018
15763,GE Power Systems,10610372,207650,11-Sep-2018
16595,Johoku Manufacturing,11210007,23534,22-May-2018
16855,GE,10210038,115722,1-Apr-2018
17068,Cummins,10210115,14878,24-Apr-2018
17425,John Energy,10610134,3282370,13-Jun-2018
17432,APM Terminals,10210461,280612,18-Jun-2018
17507,Cummins,10210034,7405,8-Apr-2018
17532,Cummins,10210391,25013,14-Jun-2018
17546,Beckman Coulter,10210053,2730974,12-Apr-2018
17598,IR,10610002,2857.12,3-Apr-2018
17799,Bharat Container,10210027,107479,6-Apr-2018
17834,IR,10610017,114052,10-Apr-2018
17845,Cummins,10210922,103650,14-Sep-2018
17893,Cummins,10210232,40925,18-May-2018
17940,Cummins,10210007,19467,3-Apr-2018
18008,Cummins,10210164,37760,5-May-2018
18011,RIL,10210121,377000,24-Apr-2018
18089,Henkel,10210083,84210,18-Apr-2018
18154,Cummins,10210036,40337,9-Apr-2018
18197,Henkel,10200224,2901073,22-May-2018
18205,GE,10210255,183380,23-May-2018
18245,Sotax,10210014,3016,4-Apr-2018
18261,GE,10210045,265460,21-May-2018
18287,Henkel,10200239,17446,2-Apr-2018
18290,Cummins,10210040,36632,2-Apr-2018
18297,IR,10610032,43200,18-Apr-2018
18352,GE Power Systems,10610090,24000,24-May-2018
18352,GE Power Systems,99999026,22800,2-Apr-2018
18363,John Energy,10610059,160000,3-May-2018
18365,Cummins,10210008,25476,3-Apr-2018
18371,Aadrsh Motors,10210271,2401,28-May-2018
18373,John Energy,10610044,642857,26-Apr-2018
18374,John Energy,10610046,642857,26-Apr-2018
18375,John Energy,10610045,642857,26-Apr-2018
18376,John Energy,10610136,642857,30-Apr-2018
18377,John Energy,10610051,642857,30-Apr-2018
18378,John Energy,10710002,642857,11-Jun-2018
18379,John Energy,10610080,642857,11-Jun-2018
18394,Henkel,10210011,37895,4-Apr-2018
18419,VVF India,10210251,30815.69,23-May-2018
18428,Cummins,10210218,13040,17-May-2018
18447,GE,10200114,8740,1-Apr-2018
18461,SSI,10210025,40212.55,6-Apr-2018
18468,Cummins,10210208,63700,15-May-2018
18470,SSI,10210057,360700,13-Apr-2018
18471,Henkel,10210006,10556,3-Apr-2018
18479,Adino Telecom,10210123,4260,25-Apr-2018
18488,GE,10211191,15372,26-Oct-2018
18502,GE Power Systems,10610197,1890,5-Jul-2018
18503,Trident Computer,10210086,203929,19-Apr-2018
18532,Henkel,10210037,45074,9-Apr-2018
18544,GE,10710004,38539,18-May-2018
18545,AMAT,10210081,4200,16-Apr-2018
18549,IR,10610156,63020,20-Jun-2018
18583,Nhava Sheva,10210067,42990,16-Apr-2018
18589,Cummins,10210015,5251.68,4-Apr-2018
18594,Cummins,10210186,6324,9-May-2018
18600,Cummins,10210001,17834,2-Apr-2018
18616,GAIL,10210404,92826,16-Jun-2018
18626,AMAT,10210357,238878,1-May-2018
18628,Cummins,10210017,13800,4-Apr-2018
18629,IR,10610030,83162,17-Apr-2018
18635,Henkel,10210018,3100386,4-Apr-2018
18642,Cummins,10210124,87680,25-Apr-2018
18643,BORL,10210452,288239,22-Jun-2018
18645,IR,10610008,658.49,6-Apr-2018
18655,Hyosung,99999091,600,10-Apr-2018
18658,Hyosung,99999092,2000,10-Apr-2018
18659,AMAT,10210004,16490,3-Apr-2018
18668,GE,10210335,409338.35,6-Jun-2018
18670,Cummins,10210077,26073,17-Apr-2018
18679,Henkel,10910013,10599.77,25-Apr-2018
18684,GE,10210314,254450,31-May-2018
18697,Cummins,10210135,105933.7,27-Apr-2018
18698,Sukan,10210029,18646,6-Apr-2018
18700,GE Power Systems,10610026,3800,16-Apr-2018
18703,IR,10210183,68040,8-May-2018
18717,GE,10610020,10675,10-Apr-2018
18718,Cummins,10210118,14045,24-Apr-2018
18719,IR,10610086,197650,1-Jun-2018
18720,Nhava Sheva,10210023,8030,6-Apr-2018
18742,GE Power Systems,10610013,5250,9-Apr-2018
18742,GE Power Systems,10610014,525,9-Apr-2018
18742,GE Power Systems,10610161,19425,21-Jun-2018
18742,GE Power Systems,10610368,21000,10-Sep-2018
18746,Henkel,10210021,7500,5-Apr-2018
18750,DHL,10210064,205090,25-May-2018
18751,Godrej,10210050,2600,12-Apr-2018
18759,Henkel,10210376,8947,13-Jun-2018
18761,Cummins,10210253,33826.5,23-May-2018
18785,Henkel,10910014,27017,24-Apr-2018
18800,Godrej,10210227,3425,18-May-2018
18802,AMAT,10210010,5622,4-Apr-2018
18814,GE Power Systems,10610152,24700,19-Jun-2018
18821,GE Power Systems,10610034,12695,19-Apr-2018
18828,C and E Ltd.,10210039,11575,3-Apr-2018
18832,Henkel,10210176,10526,7-May-2018
18835,Henkel,10210138,290023,30-Apr-2018
18840,KazStroy,10200216,4603510,1-Apr-2018
18840,KazStroy,10200216,-1938320,27-Oct-2018
18842,John Energy,10610021,82000,11-Apr-2018
18843,Henkel,10210193,16540,9-May-2018
18848,C and E Ltd.,10210016,600,4-Apr-2018
18856,Henkel,10210069,52254,16-Apr-2018
18882,IR,10610027,7950,17-Apr-2018
18894,Asahi India Glass,10910002,36400,4-Apr-2018
18895,Cummins,10200228,109364,1-Apr-2018
18896,Henkel,10210042,44325,11-Apr-2018
18910,Henkel,10210156,409108,3-Jun-2018
18911,GE Power Systems,10610006,37800,5-Apr-2018
18913,IR,10610092,71068,10-Apr-2018
18914,Henkel,10210019,87000,5-Apr-2018
18918,C and E Ltd.,10210005,3500,3-Apr-2018
19182,IR,10710006,57386,19-May-2018
19185,IR,10610066,11804,4-May-2018
19190,Maschio,10210181,132940.2,1-Jun-2018
19191,Henkel,10210049,342431.09,10-Apr-2018
19193,Henkel,10210092,50210,16-Apr-2018
19198,Piramal,10210002,6135,3-Apr-2018
19202,Troikaa Pharma,10210179,25486,8-May-2018
19203,GE Power Systems,10610003,33528,3-Apr-2018
19204,IR,10610029,22680,17-Apr-2018
19206,DHL,10910001,136479.68,3-Apr-2018
19209,Henkel,10210189,3684,9-May-2018
19215,Cummins,10210165,11260,5-May-2018
19219,Cummins,10210079,13222,17-Apr-2018
19220,IR,10610048,47292,30-Apr-2018
19221,Henkel,10210060,21576.32,13-Apr-2018
19225,Cummins,10210136,42000,30-Apr-2018
19228,GE Power Systems,10610005,46725,5-Apr-2018
19229,GE Power Systems,10610023,42020,3-Apr-2018
19231,JSE,10210009,1916498.82,4-Apr-2018
19232,SSI,10210084,216410,1-Jun-2018
19236,AMAT,10210161,1424166,5-May-2018
19240,GE Power Systems,10610024,15800,16-Apr-2018
19241,Henkel,10210052,22839.56,10-Apr-2018
19242,Henkel,10210130,31647,26-Apr-2018
19250,IR,10610007,2020,5-Apr-2018
19253,VVF India,10210073,1590.79,17-Apr-2018
19254,GE,10210313,13283,1-Jun-2018
19260,GE Power Systems,10610010,23350,9-Apr-2018
19276,Henkel,10210024,60000,6-Apr-2018
19277,Henkel,10210167,94500,7-May-2018
19289,C and E Ltd.,10210047,8225,11-Apr-2018
19290,Henkel,10210082,98128,18-Apr-2018
19294,GE Power Systems,10610022,652550,4-Apr-2018
19301,AMAT,10210244,5960,22-May-2018
19314,Henkel,10210035,56250,5-Apr-2018
19316,Cummins,10210329,16675,5-Jun-2018
19321,GE Power Systems,10610011,73105,9-Apr-2018
19323,AMAT,10210058,21579,12-Apr-2018
19325,Godrej,10210044,21800,10-Apr-2018
19326,Godrej,10210046,4022,12-Apr-2018
19328,Cummins,10210063,6582.62,16-Apr-2018
19329,Cummins,10210117,27280,24-Apr-2018
19339,IR,10610054,3530.64,30-Apr-2018
19340,Henkel,10210059,7058.85,13-Apr-2018
19342,Bharti Airtel,10910003,2076,10-Apr-2018
19343,Godrej,10210054,6416,12-Apr-2018
19344,Cummins,10210213,8985,15-May-2018
19345,AMAT,10210080,60752,18-Apr-2018
19346,Cummins,10210075,12500,17-Apr-2018
19347,AMAT,10210096,45972.65,20-Apr-2018
19350,Cummins,10210285,8626,31-May-2018
19351,IR,10610018,6640,10-Apr-2018
19352,Deep Industries,10410001,15600,1-Jun-2018
19356,Henkel,10210220,6484.5,17-May-2018
19357,GE,10210055,77366,12-Apr-2018
19358,Henkel,10210172,94734,7-May-2018
19359,JINDAL,10210076,8505,17-Apr-2018
19360,AMAT,10210065,26596,16-Apr-2018
19361,AMAT,10210078,7202,17-Apr-2018
19363,Henkel,10210245,37269.98,22-May-2018
19364,Bharti Airtel,10910004,692,11-Apr-2018
19368,Bharti Airtel,10910006,692,11-Apr-2018
19369,Bharti Airtel,10910005,692,11-Apr-2018
19370,Bharti Airtel,11010001,2076,18-Apr-2018
19371,IR,10610038,3300,20-Apr-2018
19374,AMAT,10210085,15851,17-Apr-2018
19384,AMAT,10210163,24052,5-May-2018
19390,Sukan,10610071,20485.34,4-May-2018
19391,Cummins,10210331,1727.04,5-Jun-2018
19392,IR,10610037,20360,12-Apr-2018
19401,Godrej,10210068,3800,16-Apr-2018
19402,Godrej,10210116,11730,24-Apr-2018
19403,AMAT,10210132,82979,26-Apr-2018
19405,Godrej,10210066,21529,14-Apr-2018
19409,Henkel,10210194,3790,9-May-2018
19412,GE Power Systems,10210151,1806240,1-Jun-2018
19412,GE Power Systems,10210151,-1806240,1-Jul-2018
19412,GE Power Systems,10610230,2304502,18-Jul-2018
19423,Maharashtra Seamless,10210443,52313,26-Jun-2018
19434,Henkel,10210090,2500,18-Apr-2018
19441,Godrej,10210386,8882,13-Jun-2018
19444,Cummins,10210098,46140,21-Apr-2018
19445,Cummins,10210159,10895,4-May-2018
19446,AMAT,10210133,13764,26-Apr-2018
19448,Johnson Matthey Chem. India,10210510,35000,7-Jul-2018
19451,Henkel,10210182,14000,8-May-2018
19454,Unique Industrials,10210071,120719,1-May-2018
19456,Cummins,10210287,69661.84,27-Apr-2018
19457,GE,10610036,775.2,1-May-2018
19458,Henkel,10210207,150000,12-Jun-2018
19467,Cummins,10210222,490000,17-May-2018
19469,IR,10610033,25940,16-Apr-2018
19470,Hyosung,10210072,2600,17-Apr-2018
19473,GE Power Systems,10610057,10104,2-May-2018
19474,GAIL,10210131,39000,29-May-2018
19475,AMAT,10210129,67849.87,18-Apr-2018
19477,Henkel,10210231,212500,1-Jun-2018
19483,John Energy,10610063,20500,3-May-2018
19484,John Energy,10610062,20500,3-May-2018
19485,John Energy,10610064,20500,4-May-2018
19486,John Energy,10610065,20500,4-May-2018
19487,John Energy,10610068,20500,4-May-2018
19488,John Energy,10610069,20500,4-May-2018
19489,John Energy,10610067,20500,4-May-2018
19490,AMAT,10210509,353659.8,1-May-2018
19494,Henkel,11010003,700000,15-Jun-2018
19500,IR,10610031,10680,18-Apr-2018
19503,GE,10210153,13750,3-May-2018
19507,Cummins,10210206,20730,15-May-2018
19508,Henkel,10210155,12949.07,3-May-2018
19510,Deep Industries,10410002,11846.68,18-Apr-2018
19515,IR,10610201,66250,9-Jul-2018
19521,AMAT,10210122,138396,1-May-2018
19522,Xpro India,10210112,26836,24-Apr-2018
19523,Henkel,10210453,522711.79,1-Jun-2018
19523,Henkel,10210453,-522711.79,1-Aug-2018
19523,Henkel,10210677,369088.92,6-Aug-2018
19524,Demosha Chemicals,10210091,9546,20-Apr-2018
19526,Bharti Airtel,10910010,10380,19-Apr-2018
19527,GE,10210087,124341,19-Apr-2018
19528,Bharti Airtel,10910009,6920,19-Apr-2018
19531,Cummins,10210340,13050,7-Jun-2018
19537,GE Power Systems,10610047,480524.47,25-May-2018
19541,GE,10210256,249784,1-Jun-2018
19544,Bharti Airtel,10910011,2076,20-Apr-2018
19545,Cummins,10210097,19500,20-Apr-2018
19546,Henkel,10210145,4699,2-May-2018
19547,Trident Computer,10210089,194061,19-Apr-2018
19556,Indian Navy,10210311,43686.1,1-Jun-2018
19558,IR,10610087,39691,23-May-2018
19562,JINDAL,10210144,43360,2-May-2018
19563,Cummins,10210143,11480,2-May-2018
19564,SSI,10210113,32894.5,18-May-2018
19567,Henkel,10210210,5203.6,15-May-2018
19570,Indian Navy,10210289,47300,31-May-2018
19578,GE Power Systems,10610039,1100,21-Apr-2018
19584,Henkel,10210265,6104.64,25-May-2018
19585,KazStroy,10210125,332483,25-Apr-2018
19592,Kubota,10210105,25153.5,20-Apr-2018
19595,JSE,10210102,1259670,23-Apr-2018
19597,Henkel,10210114,3281.5,20-Apr-2018
19601,Henkel,10210104,230000,23-Apr-2018
19602,JSE,10210103,2036160,23-Apr-2018
19608,Henkel,10210142,16677,2-May-2018
19609,JSE,10210108,564457,23-Apr-2018
19610,JSE,10210109,416754,23-Apr-2018
19616,KazStroy,10210198,1412584,15-May-2018
19618,AMAT,10210170,8750,7-May-2018
19620,Deep Industries,10610072,8380,11-May-2018
19626,SSI,10210190,84736.6,9-May-2018
19631,Cummins,10210419,7000,19-Jun-2018
19633,SSI,10210160,7974,30-Apr-2018
19635,AMAT,10210185,26596,8-May-2018
19636,Cummins,10210316,4000,4-Jun-2018
19636,Cummins,10210316,-800,1-Aug-2018
19642,GE,10210139,1088388,16-May-2018
19647,Henkel,10210274,7500,29-May-2018
19653,Adino Telecom,10210192,119760,9-May-2018
19654,Henkel,10910015,35661,19-May-2018
19666,IR,10610043,48000,25-Apr-2018
19668,GE Power Systems,10610103,717233.16,1-Jun-2018
19668,GE Power Systems,10610219,34627,16-Jul-2018
19678,Cummins,10210237,28980,19-May-2018
19686,Henkel,10210201,22107,14-May-2018
19690,Henkel,10910024,968421,4-Jun-2018
19691,Henkel,10210290,663158,1-Jun-2018
19692,Henkel,10210257,4791,24-May-2018
19693,RIL,10210223,5294,17-May-2018
19698,IR,10610049,16250,30-Apr-2018
19699,IR,10610055,48432,30-Apr-2018
19700,Rex Industries,10210196,1375000,10-May-2018
19702,AMAT,10210307,17368,1-Jun-2018
19705,IR,10610100,47808,30-May-2018
19707,AMAT,10210187,76596,9-May-2018
19714,IR,10610053,6800,30-Apr-2018
19715,Cummins,10210380,16300,13-Jun-2018
19716,Cummins,10210482,19706,4-Jul-2018
19717,GE Power Systems,10610052,204547.5,30-Apr-2018
19717,GE Power Systems,10610052,-175486.5,1-Aug-2018
19717,GE Power Systems,10610302,88000,30-Apr-2018
19717,GE Power Systems,10610302,0,18-Aug-2018
19717,GE Power Systems,10610389,3130,19-Sep-2018
19718,Henkel,10210152,70000,3-May-2018
19720,AMAT,10210169,32005,7-May-2018
19722,Henkel,10210141,3753,2-May-2018
19724,Cummins,10210209,19016,15-May-2018
19728,AMAT,10210162,26596,5-May-2018
19735,ISRO,10210777,146274,22-Aug-2018
19740,IR,10610094,40160,30-May-2018
19752,Piramal,10210343,92356.2,7-Jun-2018
19754,Cummins,10210300,27000,1-Jun-2018
19755,GE Power Systems,10610058,1368,2-May-2018
19756,Piramal,10210171,67631.01,7-May-2018
19757,Piramal,11210006,21131.5,22-May-2018
19758,Asahi India Glass,10910039,27283,25-Jun-2018
19766,Henkel,10210262,102215.97,25-May-2018
19767,IR,10610070,6640,4-May-2018
19769,Trident Computer,10210150,198932,2-May-2018
19781,HYATT,10910016,3750,22-May-2018
19784,AMAT,10210173,15532.3,7-May-2018
19787,Henkel,10210154,56250,3-May-2018
19788,Henkel,10210293,41839.3,3-May-2018
19788,Henkel,10210303,41839.3,3-May-2018
19791,GE Power Systems,10610061,3800,3-May-2018
19793,GE,10210243,320758.24,8-Jun-2018
19795,Cummins,10210211,2600,15-May-2018
19802,AMAT,10210308,62625,1-Jun-2018
19803,Johnson Matthey Chem. India,10210180,83522,8-May-2018
19810,Duroshox,10210371,2750,12-Jun-2018
19815,IR,10210184,8146.9,8-May-2018
19825,GE,10210583,32502,20-Jul-2018
19826,GE,10210312,60000,1-Jun-2018
19829,AMAT,10210166,151070,5-May-2018
19831,Henkel,10210178,475,7-May-2018
19836,SSI,10210188,48516,9-May-2018
19838,Cummins,10210261,307300,1-Jun-2018
19839,Andhra Electronics,10210385,14000,14-Jun-2018
19840,Nhava Sheva,10210277,6032,29-May-2018
19842,Cummins,10210442,11000,25-Jun-2018
19843,Piramal,10210175,3178.3,7-May-2018
19845,Piramal,11210026,10750,29-Jun-2018
19847,GE,10610113,29706,6-Jun-2018
19848,GE Power Systems,10610187,60000,30-Jun-2018
19849,GE Power Systems,10610193,14400,4-Jul-2018
19849,GE Power Systems,10610216,14400,16-Jul-2018
19849,GE Power Systems,10610221,9600,17-Jul-2018
19849,GE Power Systems,10610235,4500,18-Jul-2018
19849,GE Power Systems,10610351,4500,4-Sep-2018
19849,GE Power Systems,10610356,21600,5-Sep-2018
19849,GE Power Systems,10610388,1200,19-Sep-2018
19856,GE Power Systems,10610258,41192,26-Jul-2018
19857,GE Power Systems,10610205,22425,10-Jul-2018
19860,Piramal,11210004,7580,18-May-2018
19861,AMAT,10210203,102132,12-Jun-2018
19862,Deep Industries,10610073,8380,11-May-2018
19863,Deep Industries,10610074,8380,11-May-2018
19865,Deep Industries,10610075,8380,11-May-2018
19866,GE Power Systems,10610133,299860,13-Jun-2018
19875,Cummins,10211179,120000,26-Oct-2018
19876,GE,10610115,353932.43,6-Jun-2018
19877,Graziano,10910023,79237.07,4-Jun-2018
19878,GE,10610116,27500,6-Jun-2018
19881,Henkel,10210240,2121.7,1-Jun-2018
19883,Rexel India,10710003,23774,17-May-2018
19885,Henkel,10210660,899967.42,1-Aug-2018
19888,Cummins,10210234,125000,1-Jun-2018
19892,Cummins,10210460,3702.22,23-May-2018
19899,Cummins,10210286,24500,31-May-2018
19903,Cummins,10210337,23080,6-Jun-2018
19907,Henkel,10210350,35610.18,8-Jun-2018
19909,Bharti Airtel,11010002,2768,17-May-2018
19911,Cummins,10210529,61801,11-Jul-2018
19913,Cummins,10210402,21850,1-Jun-2018
19917,IR,10610095,138923.5,5-Jun-2018
19921,GE,10610093,195935,5-Jun-2018
19922,John Energy,10210224,5120200,11-May-2018
19923,Hyosung,10210191,10000,9-May-2018
19926,Dhiren Traders,10610079,44400,14-May-2018
19931,SSI,10210233,240000,18-May-2018
19937,Piramal,11210003,3441.1,12-May-2018
19940,Cummins,10210420,105227,20-Jun-2018
19942,AMAT,10210199,266489,11-May-2018
19944,Piramal,11210010,2460,28-May-2018
19957,Godrej,10210217,27000,17-May-2018
19959,GE,10610082,11040,14-May-2018
19959,GE,10710005,11040,14-May-2018
19966,Godrej,10210238,1930,19-May-2018
19967,GE,10610101,30637,30-May-2018
19968,Henkel,10210493,6608,5-Jul-2018
19971,Entrues Business,10210197,17085.12,11-May-2018
19971,Entrues Business,10210212,54102.88,15-May-2018
19973,Henkel,10910044,30340.62,5-Jul-2018
19980,Henkel,10210216,33000,1-Jun-2018
19982,Henkel,10210204,40840,1-Jun-2018
19991,Piramal,10210202,1488,14-May-2018
20001,Henkel,10210205,56250,14-May-2018
20002,SSI,10210333,15132,5-Jun-2018
20004,Compass India Support,10910022,131898.53,23-May-2018
20004,Compass India Support,10910022,-131898.53,1-Aug-2018
20007,Cummins,10210332,2400,5-Jun-2018
20020,Henkel,10210249,3281.5,23-May-2018
20024,GE Power Systems,10610084,2498,21-May-2018
20026,Asian Paints,10210869,52668,6-Sep-2018
20027,Henkel,10210214,13123,15-May-2018
20029,GE,10210399,1455476,15-Jun-2018
20036,Henkel,10210221,16560.72,17-May-2018
20037,Henkel,10210215,33000,15-May-2018
20038,IR,10610164,25587,22-Jun-2018
20039,Henkel,10210219,34453.98,1-Jun-2018
20041,PRATYARPANA,10210259,61200,25-May-2018
20058,GE Power Systems,10610088,1584,24-May-2018
20063,Cummins,10210549,12872,13-Jul-2018
20064,AMAT,10210528,13424.78,11-Jul-2018
20065,Henkel,10210246,5127,18-May-2018
20067,Cummins,10210324,135500,5-Jun-2018
20069,Compass India Support,10910017,730,22-May-2018
20072,Henkel,10210248,1785,23-May-2018
20073,Bharat Container,10210270,58000,28-May-2018
20074,Henkel,10210226,12568.66,18-May-2018
20075,SOKTAS,10210225,4410,18-May-2018
20076,Godrej,10210272,15555,28-May-2018
20078,Henkel,10210241,1241,18-May-2018
20081,SSI,10210266,27158,25-May-2018
20085,Henkel,10210239,739,21-May-2018
20086,Cummins,10210279,61600,29-May-2018
20088,GHCL,10610109,26320,4-Jun-2018
20096,GE,10610089,29477.5,24-May-2018
20099,GE,10210269,19450.5,28-May-2018
20100,AMAT,10210267,7263,18-May-2018
20102,Piramal,11210012,6631.2,31-May-2018
20104,Crosslay Remedies,10910019,29500,23-May-2018
20106,Cummins,10210468,8100,2-Jul-2018
20109,IR,10610169,117194.4,22-Jun-2018
20115,Henkel,10910053,180400,16-Jul-2018
20116,Bharti Airtel,10910021,4152,29-May-2018
20121,Nhava Sheva,10210353,7465.86,7-Jun-2018
20121,Nhava Sheva,10210501,9736,7-Jun-2018
20124,Piramal,11210005,4884,19-May-2018
20126,KazStroy,10210295,1803600,31-May-2018
20131,Henkel,10210258,139217,1-Jun-2018
20132,KazStroy,10210294,2164320,31-May-2018
20132,KazStroy,10210294,-2164320,27-Oct-2018
20133,Graziano,10910037,368050,19-Jun-2018
20135,Godrej,10210273,13500,28-May-2018
20145,Cummins,10210288,47663.9,29-May-2018
20146,Henkel,10210252,98289,23-May-2018
20147,Henkel,10210254,2166,23-May-2018
20151,IEC-TSL,10610085,947362.5,21-May-2018
20155,IR,10610107,19900,4-Jun-2018
20158,Cummins,10210354,33000,11-Jun-2018
20161,Beckman Coulter,10210304,39000,1-Jun-2018
20166,GE,10610158,177024,12-Jun-2018
20167,GE,10610204,15857.79,27-Jun-2018
20168,Cummins,10210344,16453.8,7-Jun-2018
20197,ZF India,10210547,25879,2-Jun-2018
20271,Henkel,10210282,168420,1-Jul-2018
20488,Sukan,10210275,5700,29-May-2018
20492,Henkel,10210384,142105,1-Aug-2018
20493,Henkel,10210397,19594,15-Jun-2018
20494,AMAT,10210836,20200,30-Aug-2018
20495,VVF India,10210320,12000,4-Jun-2018
20499,Piramal,11210009,207215,29-May-2018
20582,Henkel,10210260,45000,25-May-2018
20583,Henkel,10210278,42253.9,29-May-2018
20583,Henkel,10210278,-36967.5,1-Aug-2018
20589,Henkel,10210268,104406,28-May-2018
20597,Demosha Chemicals,10210263,4880,25-May-2018
20597,Demosha Chemicals,10210264,4880,25-May-2018
20600,ZF India,10210423,138849.62,20-Jun-2018
20601,Henkel,10210305,13366,1-Jun-2018
20610,GE,10610117,10675,8-Jun-2018
20611,GE,10610112,8997,6-Jun-2018
20612,AMAT,10210599,81140,23-Jul-2018
20612,AMAT,10210599,-81140,1-Aug-2018
20612,AMAT,10210839,81290,30-Aug-2018
20627,GE,10210301,51003,1-Jun-2018
20627,GE,10210301,-9378,16-Aug-2018
20631,GHCL,10610129,22827,13-Jun-2018
20635,Beckman Coulter,10210355,31000,11-Jun-2018
20636,GE,10210726,151022.5,10-Aug-2018
20643,IR,10610096,45000,30-May-2018
20647,Cummins - Recon India,10210421,40055,20-Jun-2018
20651,GE Power Systems,10610091,15048.12,25-May-2018
20662,Cummins,10210631,87500,27-Jul-2018
20672,Cummins,10210569,68814,18-Jul-2018
20674,Beckman Coulter,10210518,39132,7-Jul-2018
20680,GE,10210338,390000,6-Jun-2018
20683,ZF India,10210621,39045.56,25-Jul-2018
20685,Husco,10210299,2750,1-Jun-2018
20706,Hyosung,10210280,19500,30-May-2018
20707,Stanley Engineered,10210326,34222.38,5-Jun-2018
20708,Cummins,10210349,43286,8-Jun-2018
20712,Henkel,10210283,33743,30-May-2018
20714,Johnson Matthey Chem. India,10210310,66818,1-Jun-2018
20716,Stanley Engineered,10210533,6342,12-Jul-2018
20717,Vako Seals,10210291,4200,31-May-2018
20720,GE,10610104,226400,5-Jun-2018
20721,Stanley Engineered,10210325,7506,5-Jun-2018
20722,GE Power Systems,10610172,353932.02,25-Jun-2018
20734,Duroshox,10210363,4650,11-Jun-2018
20736,SSI,10210473,18694,3-Jul-2018
20737,Graziano,10910056,71000,19-Jul-2018
20745,Henkel,10210365,4886,11-Jun-2018
20753,Cummins,10210440,5000,25-Jun-2018
20755,GE,10610202,754655,1-Jun-2018
20758,Piramal,10210281,7576.5,30-May-2018
20763,Piramal,11210013,304990,1-Jun-2018
20766,Henkel,10210451,114719,25-Jun-2018
20779,IR,10610097,7500,30-May-2018
20783,Cummins,10210437,6520,25-Jun-2018
20784,Piramal,10210330,31730,5-Jun-2018
20785,IR,10610098,18713,30-May-2018
20786,IR,10610106,38640,1-Jun-2018
20787,SSI,10210517,12631.5,9-Jul-2018
20792,GE,10610102,627020,1-Jun-2018
20799,IR,10610210,28000,11-Jul-2018
20807,Henkel,10210359,500,4-Jun-2018
20811,Piramal,11210011,5079.3,31-May-2018
20813,GE,10210351,1311974,8-Jun-2018
20823,GE Power Systems,10610295,41192,16-Aug-2018
20826,South West Pinnacle,10210322,15000,4-Jun-2018
20827,Husco,10210379,3215,12-Jun-2018
20828,Henkel,10910030,1482621,11-Jun-2018
20830,DS Namah,10910025,222000,4-Jun-2018
20831,Cummins,10210431,28000,21-Jun-2018
20836,Cummins,10210864,430095.2,4-Sep-2018
20838,Henkel,10210341,8022.5,7-Jun-2018
20839,JSE,10210306,4277728,1-Jun-2018
20840,Cummins,10210879,351206,6-Sep-2018
20841,Stanley Engineered,10210612,95030,24-Jul-2018
20844,KazStroy,10210296,1589994,1-Jun-2018
20854,IEC-TSL,10210309,1894737,1-Jun-2018
20855,GE,10610105,5642,1-Jun-2018
20857,Piramal,11210020,24933.6,13-Jun-2018
20860,Piramal,11210038,17000,16-Jul-2018
20876,Trident Computer,10210401,203159,31-May-2018
20879,AMAT,10210323,468186,5-Jun-2018
20880,AMAT,10210342,15164.3,7-Jun-2018
20881,Piramal,11210014,7453.65,4-Jun-2018
20886,Henkel,10210360,70500,11-Jun-2018
20887,Duroshox,10210648,41480,1-Aug-2018
20890,GE,10610108,390400,4-Jun-2018
20892,Adino Telecom,10210393,1585,15-Jun-2018
20902,Cummins,10210562,24000,17-Jul-2018
20903,Henkel,10210334,94500,5-Jun-2018
20905,Godrej,10210318,15600,4-Jun-2018
20906,Bharat Container,10210317,7476,4-Jun-2018
20910,Cummins,10210361,7103.2,11-Jun-2018
20914,Henkel,10210759,244735,17-Aug-2018
20916,Henkel,10910036,6769,15-Jun-2018
20916,Henkel,10910036,-6769,1-Aug-2018
20916,Henkel,10910073,6769,10-Aug-2018
20917,GE,10610111,64200,5-Jun-2018
20917,GE,10610237,1200,5-Jun-2018
20918,Henkel,10210455,20684.25,27-Jun-2018
20919,Compass India Support,10210321,21250,4-Jun-2018
20920,GE,10610293,20092,14-Aug-2018
20923,IR,10610110,2200,4-Jun-2018
20924,Godrej,10210362,2630,11-Jun-2018
20928,IR,10610130,48400,13-Jun-2018
20929,GHCL,10610120,6573,11-Jun-2018
20931,Piramal,11210021,5647.2,14-Jun-2018
20933,Piramal,11210015,17325,6-Jun-2018
20934,Crosslay Remedies,10910029,76270,11-Jun-2018
20937,GE,10210635,64000,27-Jul-2018
20938,HSIL,10910026,12500,5-Jun-2018
20939,AMAT,10210387,46158,14-Jun-2018
20942,GE Power Systems,10610139,85000,15-Jun-2018
20943,John Energy,10210339,3297050,6-Jun-2018
20944,Beckman Coulter,10210398,2500,15-Jun-2018
20947,Piramal,11210016,7969.05,7-Jun-2018
20948,AMAT,10210370,8723.8,12-Jun-2018
20956,AMAT,10210412,229660,18-Jun-2018
20959,GE,10610175,5935,25-Jun-2018
20965,Piramal,10210408,472750,18-Jun-2018
20966,Asahi India Glass,10910059,105600,1-Aug-2018
20971,GE Power Systems,10610151,48944,19-Jun-2018
20972,AMAT,10210336,26316,6-Jun-2018
20973,GE,10210462,996595,28-Jun-2018
20973,GE,10210462,-996595,1-Aug-2018
20973,GE,10210846,996595,31-Aug-2018
20975,Cummins,10210580,65839.5,19-Jul-2018
20975,Cummins,10210580,-65839.5,1-Aug-2018
20975,Cummins,10210696,113432.35,7-Aug-2018
20980,Piramal,11210017,53340,11-Jun-2018
20981,GE Power Systems,10610138,15987,14-Jun-2018
20983,Henkel,10210670,5386,1-Aug-2018
20984,Henkel,10210348,12011.64,7-Jun-2018
20987,Bharti Airtel,10910028,2076,8-Jun-2018
20988,IR,10610131,171900,13-Jun-2018
20989,Piramal,10210356,312120.1,11-Jun-2018
20990,Piramal,10210347,150158.1,7-Jun-2018
20993,Cummins,10210467,228887,2-Jul-2018
20995,Henkel,10210345,202500,7-Jun-2018
20996,Cummins,10210478,26024,4-Jul-2018
20997,Stanley Engineered,10211125,190000.01,16-Oct-2018
21001,IR,10610166,19000,22-Jun-2018
21003,Henkel,10210372,32232,13-Jun-2018
21005,Henkel,10210375,17915.62,13-Jun-2018
21009,Henkel,10910031,15645,11-Jun-2018
21011,Henkel,10210430,15842.06,21-Jun-2018
21015,GE,10610174,33600,25-Jun-2018
21016,GHCL,10610217,40674,16-Jul-2018
21017,GHCL,10610121,481,11-Jun-2018
21018,GHCL,10610119,3286.62,11-Jun-2018
21019,GHCL,10610125,774,12-Jun-2018
21020,GHCL,10610126,3746,12-Jun-2018
21022,Henkel,10210567,4200,17-Jul-2018
21023,GHCL,10610123,15302.15,12-Jun-2018
21024,GHCL,10610252,32946,24-Jul-2018
21026,Compass India Support,10910035,117766.36,13-Jun-2018
21028,IR,10610242,7314,21-Jul-2018
21030,GHCL,10610135,3150,13-Jun-2018
21033,GHCL,10610128,509,12-Jun-2018
21037,Cummins,10210561,124793,17-Jul-2018
21040,Bharat Container,10210382,6118,13-Jun-2018
21044,Piramal,11210018,34650,11-Jun-2018
21045,Stanley Engineered,10210405,12210,18-Jun-2018
21046,Piramal,10210358,69409.8,11-Jun-2018
21048,Henkel,10210364,2126,11-Jun-2018
21049,Henkel,10210450,26316,27-Jun-2018
21050,AMAT,10210435,10000,12-Jun-2018
21054,Duroshox,10210374,4820,11-Jun-2018
21059,Piramal,11210039,50740,17-Jul-2018
21060,Cummins - Recon India,10210422,32800,20-Jun-2018
21061,Cummins,10210428,27400,21-Jun-2018
21065,Henkel,10210459,21500,28-Jun-2018
21066,Piramal,10210369,2560,12-Jun-2018
21070,John Energy,10610127,117500,13-Jun-2018
21073,IR,10610168,2800,22-Jun-2018
21075,Cummins,10210414,10300,19-Jun-2018
21077,Piramal,11210019,110,12-Jun-2018
21080,GHCL,10610153,17295,19-Jun-2018
21083,Bharti Airtel,10910032,2076,12-Jun-2018
21087,Henkel,10210458,40036.8,28-Jun-2018
21091,Cummins,10210568,21136,18-Jul-2018
21092,SSI,10210477,18948,4-Jul-2018
21093,SSI,10210395,23368,14-Jun-2018
21097,Piramal,10210367,2297.7,12-Jun-2018
21099,Covestro,10210560,284500,17-Jul-2018
21100,AMAT,10210417,2278,19-Jun-2018
21103,IR,10610124,19995,12-Jun-2018
21105,AMAT,10210556,41000,16-Jul-2018
21107,Bharti Airtel,10910033,6920,12-Jun-2018
21108,Henkel,10210429,72751,21-Jun-2018
21109,Piramal,10210415,103740.95,18-Jun-2018
21117,Henkel,10210426,24027.16,21-Jun-2018
21118,ABB India,10610150,46046,18-Jun-2018
21120,Cummins,10210516,31294,9-Jul-2018
21121,ABB India,10610140,144012.4,15-Jun-2018
21122,AMAT,10210558,32368,13-Jun-2018
21123,GHCL,10610177,4772,26-Jun-2018
21124,Cummins,10210830,9138.12,29-Aug-2018
21128,Henkel,10210472,9789,2-Jul-2018
21130,Bharti Airtel,10910034,2076,13-Jun-2018
21132,ABB India,10610181,14190,28-Jun-2018
21134,GE Power Systems,10610132,87400,13-Jun-2018
21135,IR,10610155,5113.5,20-Jun-2018
21137,ABB India,10610171,10387.5,24-Jun-2018
21141,IR,10610137,2800,14-Jun-2018
21149,GE,10210719,170000,9-Aug-2018
21150,Henkel,10210403,23681,16-Jun-2018
21156,AMAT,10210388,3620,14-Jun-2018
21161,GE Power Systems,10610149,75920,18-Jun-2018
21162,Cummins,10210441,11464,25-Jun-2018
21163,Cummins,10210629,32372,26-Jul-2018
21165,Henkel,10210520,310526,9-Jul-2018
21171,Henkel,10210400,98418,15-Jun-2018
21172,ZF India,10210390,88000,14-Jun-2018
21174,Nhava Sheva,10210454,15087,27-Jun-2018
21176,Piramal,10210396,13151,15-Jun-2018
21179,Ascott Beverly Park Hospitality,10210980,510000,25-Sep-2018
21186,Adino Telecom,10210444,9150,26-Jun-2018
21190,Nhava Sheva,10210492,12651.4,4-Jul-2018
21191,Beckman Coulter,10210625,17666,9-Jul-2018
21192,Piramal,11210034,7439,28-Jun-2018
21193,Piramal,11210027,47612.5,29-Jun-2018
21195,Godrej,10210411,43520,18-Jun-2018
21201,Henkel,10210504,18000,6-Jul-2018
21202,Plasser India,10610143,40699,16-Jun-2018
21209,GHCL,10610141,10848.8,16-Jun-2018
21210,Nhava Sheva,10210406,8989,18-Jun-2018
21210,Nhava Sheva,10210499,726.58,6-Jul-2018
21214,IR,10610144,77220,18-Jun-2018
21215,AMAT,10210617,32434,24-Jul-2018
21216,ABB India,10610142,54080,16-Jun-2018
21221,ABB India,10610148,3000,18-Jun-2018
21224,ABB India,10610145,760,18-Jun-2018
21225,Adino Telecom,10210418,5846.1,19-Jun-2018
21226,Duroshox,10210650,41497.5,1-Aug-2018
21228,ZF India,10210439,14407,25-Jun-2018
21229,IR,10610239,10379.4,21-Jul-2018
21231,Henkel,10910043,1456781,4-Jul-2018
21236,AMAT,10210413,50277,18-Jun-2018
21240,Cummins,10210497,3414,5-Jul-2018
21241,Henkel,10210433,23188,21-Jun-2018
21242,AMAT,10210436,773819,25-Jun-2018
21243,Henkel,10210640,8000,30-Jul-2018
21244,Henkel,10210494,49790.06,4-Jul-2018
21247,DHL,10910095,43111,1-Sep-2018
21250,Asahi India Glass,10610200,1003,9-Jul-2018
21255,Henkel,10910038,202493,20-Jun-2018
21264,Piramal,11210024,2835,26-Jun-2018
21269,VVF India,10210438,6150.27,25-Jun-2018
21270,GE Power Systems,10610154,3789473,20-Jun-2018
21272,Piramal,11210022,24000,20-Jun-2018
21275,Covestro,10210600,8500,12-Jul-2018
21276,Henkel,10210491,4671.1,5-Jul-2018
21278,Piramal,11210030,10300,4-Jul-2018
21287,John Energy,10610173,28194,25-Jun-2018
21293,Henkel,10210449,24930,27-Jun-2018
21294,Piramal,10210424,142950,20-Jun-2018
21295,SSI,10210474,194737,3-Jul-2018
21297,GE,10210425,1358574,21-Jun-2018
21301,ABB India,10610184,1250,20-Jun-2018
21301,ABB India,10610184,1500,29-Jun-2018
21302,Piramal,11210037,8366,14-Jul-2018
21304,IR,10610198,38497.8,7-Jul-2018
21307,Piramal,10210427,9000,21-Jun-2018
21310,Godrej,10210457,2253,28-Jun-2018
21313,GHCL,10610159,4533.25,20-Jun-2018
21315,BDI (GE Healthcare),10210564,108790,17-Jul-2018
21325,Piramal,10210432,85970,21-Jun-2018
21326,Piramal,10210434,32579.4,22-Jun-2018
21329,Henkel,10210511,5400,7-Jul-2018
21331,IR,10610160,14400,21-Jun-2018
21336,ABB India,10610167,28465,22-Jun-2018
21337,IR,10610162,7750,21-Jun-2018
21347,Cummins,10210574,28055.1,18-Jul-2018
21349,GE,10610186,17497.5,29-Jun-2018
21350,AMAT,10210596,294200,21-Jul-2018
21353,AMAT,10210464,9894,29-Jun-2018
21354,Henkel,10210592,18440,20-Jul-2018
21356,Godrej,10210447,1300,27-Jun-2018
21359,Beckman Coulter,10210519,39132,10-Jul-2018
21361,Beckman Coulter,10210634,26279,4-Jul-2018
21364,IR,10610165,6000,22-Jun-2018
21365,GE Power Systems,10610363,560677,10-Sep-2018
21366,Duroshox,10210480,14044,4-Jul-2018
21367,Sai Indo Metal Resources,10211055,29095.29,6-Oct-2018
21369,IR,10610170,1560,22-Jun-2018
21376,Godrej,10210571,173550,18-Jul-2018
21378,GE,10610188,18360,2-Jul-2018
21381,Nivea India,10610211,24430,12-Jul-2018
21390,Cummins,10210553,2529.4,16-Jul-2018
21399,Piramal,11210023,9571.78,26-Jun-2018
21401,Henkel,10210790,21000,23-Aug-2018
21404,ABB India,10610176,1050,26-Jun-2018
21405,Cummins,10210692,73756,7-Aug-2018
21413,IEC-TSL,10210445,3368421,26-Jun-2018
21416,Piramal,10210545,3870,26-Jun-2018
21419,ABB India,10610209,125040,11-Jul-2018
21419,ABB India,10610224,75080,17-Jul-2018
21421,Cummins,10210785,92750,22-Aug-2018
21423,Graziano,10910047,100439.78,6-Jul-2018
21425,Graziano,10910052,115500,10-Jul-2018
21426,Henkel,10910040,365815,28-Jun-2018
21442,IR,10610179,6440,27-Jun-2018
21445,Piramal,10210448,168335.4,27-Jun-2018
21446,Godrej,10210456,2253,1-Jul-2018
21447,Entertainment City,10910064,113136,6-Aug-2018
21447,Entertainment City,10910064,-113136,1-Oct-2018
21455,Henkel,10210469,176072,2-Jul-2018
21455,Henkel,10210469,-176072,1-Aug-2018
21455,Henkel,10210771,176072,20-Aug-2018
21458,Henkel,10211015,62000.28,1-Oct-2018
21460,GE,10610298,59947.15,16-Aug-2018
21460,GE,10610299,15647,16-Aug-2018
21462,Bharti Airtel,10910041,4350,2-Jul-2018
21463,Godrej,10210495,3445,5-Jul-2018
21464,ABB India,10610195,11500.44,4-Jul-2018
21466,Henkel,10210768,11789,31-Jul-2018
21468,AMAT,10210463,5120,28-Jun-2018
21469,Henkel,10210996,57728,5-Jul-2018
21473,Covestro,10210604,9075,23-Jul-2018
21473,Covestro,10210604,-9075,1-Aug-2018
21473,Covestro,10910074,9075,10-Aug-2018
21481,GTC,10210647,2434,1-Aug-2018
21482,GHCL,10610206,14340.35,11-Jul-2018
21486,Henkel,10210475,26917,3-Jul-2018
21487,GE Power Systems,10610180,63722,28-Jun-2018
21491,Piramal,11210029,12718.3,30-Jun-2018
21492,Henkel,10210655,21110.2,1-Aug-2018
21499,Cummins,10210632,65463,27-Jul-2018
21501,IR,10610190,13826,2-Jul-2018
21508,IR,10610183,54000,29-Jun-2018
25001,Piramal,11210028,38906.25,30-Jun-2018
25001,Piramal,11210042,1060,30-Jun-2018
25003,GE Power Systems,10610212,553614.54,13-Jul-2018
25005,Piramal,11210056,125000,14-Aug-2018
25007,Piramal,10210541,111234,13-Jul-2018
25009,Cummins,10210668,14667,2-Aug-2018
25012,AMAT,10210513,61190,6-Jul-2018
25014,GAIL,10210715,91985,9-Aug-2018
25015,AMAT,10210465,4976.57,29-Jun-2018
25021,GE Power Systems,10610185,66552,29-Jun-2018
25022,Beckman Coulter,10210471,247394,2-Jul-2018
25025,Henkel,10210576,12000,18-Jul-2018
25031,Henkel,10210466,94000,30-Jun-2018
25038,PNP Maritime,10210806,4250,27-Aug-2018
25039,GE Power Systems,10610203,332310,10-Jul-2018
25042,Avadh Engineering,10610274,90042,2-Aug-2018
25042,Avadh Engineering,10610274,-90042,6-Oct-2018
25042,Avadh Industries,10610436,90042,8-Oct-2018
25043,Henkel,10210470,10057,30-Jun-2018
25044,GE Power Systems,10610375,43200,12-Sep-2018
25046,Sparsh Welfare Trust,10910057,31520,23-Jul-2018
25047,Cummins,10210697,233945,7-Aug-2018
25049,PRATYARPANA,10210630,113762.95,27-Jul-2018
25052,GE Power Systems,10610259,350384.75,27-Jul-2018
25053,BEL Optronic,10210797,52074,24-Aug-2018
25068,ABB India,10610244,25918,23-Jul-2018
25069,IR,10610309,20128,21-Aug-2018
25069,IR,10610314,20128,22-Aug-2018
25071,Nivea India,10610189,8750,2-Jul-2018
25073,GHCL,10610223,11780,17-Jul-2018
25076,GHCL,10610208,6050,11-Jul-2018
25077,GHCL,10610213,3286,16-Jul-2018
25081,SSI,10210479,206318,4-Jul-2018
25084,ZF India,10210486,47027,4-Jul-2018
25085,Henkel,10210534,262086,12-Jul-2018
25088,ABB India,10610196,11303.4,5-Jul-2018
25089,GE Power Systems,10610191,25000,2-Jul-2018
25090,Henkel,10210603,23285,23-Jul-2018
25097,IEC-TSL,10610194,3368421,4-Jul-2018
25102,SSI,10210524,1610.52,11-Jul-2018
25106,Graziano,10910116,33950,27-Sep-2018
25111,Trident Computer,10210550,213096,13-Jul-2018
25112,Asahi India Glass,10910049,9978,7-Jul-2018
25114,IR,10610273,4000,6-Aug-2018
25116,Henkel,10210476,94500,3-Jul-2018
25117,Henkel,10210485,14910.66,4-Jul-2018
25119,Nhava Sheva,10210507,11972,6-Jul-2018
25120,Cummins - Recon India,10210641,42815,1-Aug-2018
25125,JINDAL,10210535,7165,12-Jul-2018
25129,Henkel,10210537,6002,12-Jul-2018
25130,GHCL,10610192,3746,4-Jul-2018
25137,AMAT,10210490,15957,4-Jul-2018
25139,BEL Optronic,10210590,37002,20-Jul-2018
25146,Henkel,10210587,8700,20-Jul-2018
25155,Rail Coach,10211114,269407.16,15-Oct-2018
25157,IR,10610226,2700,17-Jul-2018
25160,Piramal,10210487,39900,4-Jul-2018
25162,AMAT,10210508,7500,7-Jul-2018
25167,AMAT,10210489,2040,4-Jul-2018
25169,IR,10610335,34788,29-Aug-2018
25170,Henkel,10210789,35873.16,23-Aug-2018
25171,GHCL,10610231,70000,18-Jul-2018
25172,IR,10610254,28156,25-Jul-2018
25175,Beckman Coulter,10210532,24973.08,12-Jul-2018
25180,Piramal,11210032,7482.54,10-Jul-2018
25185,Covestro,10210607,5325,23-Jul-2018
25187,Bharti Airtel,10910046,1450,5-Jul-2018
25188,Piramal,10210527,375602.5,11-Jul-2018
25189,AMAT,10210506,9894,7-Jul-2018
25190,Beckman Coulter,10210694,94057,7-Aug-2018
25191,Bharti Airtel,10910045,725,5-Jul-2018
25197,Piramal,10210502,63328,6-Jul-2018
25198,GE Power Systems,10610240,14046.9,20-Jul-2018
25208,Piramal,10210500,23374,6-Jul-2018
25211,Piramal,10210623,121750,25-Jul-2018
25212,AMAT,10210968,6588,24-Sep-2018
25216,Parveen Industries,10210615,98750,24-Jul-2018
25218,AMAT,10210526,15426,11-Jul-2018
25219,Demosha Chemicals,10210515,7308,9-Jul-2018
25221,Piramal,11210043,10909.03,23-Jul-2018
25225,GE Power Systems,10610255,276325,26-Jul-2018
25231,GE,10610267,106226,1-Aug-2018
25234,SSI,10210503,8519,6-Jul-2018
25235,Bharti Airtel,10910048,2175,7-Jul-2018
25236,Henkel,10210705,5000,8-Aug-2018
25237,John Energy,10210505,875380,6-Jul-2018
25239,GE Power Systems,10610207,31578,11-Jul-2018
25240,IR,10610246,52568,23-Jul-2018
25247,Henkel,10210741,79580,14-Aug-2018
25248,Piramal,11210031,8140,9-Jul-2018
25250,Henkel,10210662,31973.94,1-Aug-2018
25253,IR,10610199,6440,7-Jul-2018
25254,Beckman Coulter,10210575,5371,18-Jul-2018
25266,AMAT,10210628,48205.32,26-Jul-2018
25273,Cummins,10211057,37913,6-Oct-2018
25274,Henkel,10210521,99602,9-Jul-2018
25283,Henkel,10210593,5558,20-Jul-2018
25284,Cummins,10210914,31611.1,12-Sep-2018
25286,Henkel,10210773,30581,20-Aug-2018
25290,Piramal,10210523,10912,11-Jul-2018
25297,GE,10210758,237496.84,17-Aug-2018
25301,Maharashtra Seamless,10210636,2955,18-Jul-2018
25304,Bharti Airtel,10910050,2175,10-Jul-2018
25305,Bharti Airtel,10910051,2175,10-Jul-2018
25307,Stanley Engineered,10210536,15450,12-Jul-2018
25308,Cummins,10210912,52700,12-Sep-2018
25311,GE,10610214,18640,13-Jul-2018
25325,Piramal,10210565,10044,17-Jul-2018
25326,ABB India,10610361,10900,6-Sep-2018
25328,Covestro,10910071,48510,8-Aug-2018
25329,Henkel,10210559,295935,16-Jul-2018
25329,Henkel,10210559,-291225,1-Aug-2018
25329,Henkel,10210780,314125,22-Aug-2018
25331,Adino Telecom,10210687,2435.04,6-Aug-2018
25336,ABB India,10610236,360,18-Jul-2018
25337,IR,10610312,27060,22-Aug-2018
25339,Panexcell Clinical,10210551,9166,14-Jul-2018
25342,Piramal,11210033,19480,12-Jul-2018
25343,GE,10610276,7230,7-Aug-2018
25347,Henkel,10210591,9706,20-Jul-2018
25359,JSE,10210554,1369844,12-Jul-2018
25360,JSE,10210601,1681011,23-Jul-2018
25361,Covestro,10210586,5775,20-Jul-2018
25367,Cummins,10210552,2987.84,16-Jul-2018
25371,Henkel,10210544,342740,13-Jul-2018
25373,RIL,10211165,260000,1-Aug-2018
25376,AMAT,10210538,9566,12-Jul-2018
25380,BEL Optronic,10210620,29320,25-Jul-2018
25383,Cummins,10210893,399000,11-Sep-2018
25387,AMAT,10210581,12125,19-Jul-2018
25388,Henkel,10210614,167070.03,24-Jul-2018
25390,Piramal,11210036,88275,13-Jul-2018
25397,Piramal,11210035,1350,13-Jul-2018
25401,Henkel,10210540,1400,13-Jul-2018
25403,SSI,10210563,936.16,17-Jul-2018
25406,Piramal,10210546,119494.4,13-Jul-2018
25414,Asahi India Glass,10610416,15260,25-Sep-2018
25417,Bharti Airtel,10910054,2175,13-Jul-2018
25421,Piramal,10210548,2400,13-Jul-2018
25422,Henkel,10210624,147368,25-Jul-2018
25431,Henkel,10210702,4626,7-Aug-2018
25432,Henkel,10210616,36842,24-Jul-2018
25451,AVI Worldwide,10211108,76538.4,13-Oct-2018
25461,GHCL,10610215,515.33,16-Jul-2018
25464,IR,10610263,11400,30-Jul-2018
25468,IR,10610234,24685,18-Jul-2018
25474,AMAT,10210557,7778,16-Jul-2018
25477,GlaxoSmithKline,10910091,357000,30-Aug-2018
25480,Henkel,10210582,360000,19-Jul-2018
25481,Henkel,10910082,271549,21-Aug-2018
25489,Reliance,10210911,53750,12-Sep-2018
25491,IR,10610218,19706,16-Jul-2018
25497,HUL,10210703,327800,7-Aug-2018
25502,VVF India,10210698,8250,7-Aug-2018
25504,AMAT,10210594,9680,20-Jul-2018
25507,Bharti Airtel,10910055,2175,17-Jul-2018
25509,IR,10610220,700,17-Jul-2018
25512,IR,10610222,57386,17-Jul-2018
25516,IR,10610251,7500,24-Jul-2018
25520,GHCL,10610225,14725,17-Jul-2018
25522,GE Power Systems,10610257,206700,26-Jul-2018
25525,Beckman Coulter,10210595,88354,20-Jul-2018
25526,Cummins,10210585,6256.1,20-Jul-2018
25527,GHCL,10610227,5890,17-Jul-2018
25528,BEL Optronic,10210700,4262,7-Aug-2018
25529,Beckman Coulter,10210613,79807,24-Jul-2018
25530,Cummins,10210570,52824,18-Jul-2018
25535,Godrej,10210573,21200,18-Jul-2018
25537,GHCL,10610238,10265,19-Jul-2018
25538,Godrej,10210572,30060,18-Jul-2018
25540,GHCL,10610243,1103.1,23-Jul-2018
25542,Piramal,10210597,166386.7,21-Jul-2018
25548,IndiaFIRST Robotics,10210676,53613.35,2-Aug-2018
25550,Piramal,10210598,29944,21-Jul-2018
25551,ZF India,10210663,4880,1-Aug-2018
25552,GE Power Systems,10610228,85904.4,18-Jul-2018
25556,GE Power Systems,10610250,45320,24-Jul-2018
25560,AMAT,10210605,852849.46,23-Jul-2018
25561,AMAT,10210609,271189,23-Jul-2018
25562,John Energy,10610233,42500,18-Jul-2018
25564,GE,10210579,1470616,18-Jul-2018
25567,GE,10610280,20634,8-Aug-2018
25568,IR,10610262,5850,28-Jul-2018
25574,Maschio,10210643,7330,1-Aug-2018
25575,Maschio,10210644,225000,1-Aug-2018
25578,Maschio,10210646,1428,31-May-2018
25579,IR,10610318,84801,23-Aug-2018
25580,Henkel,10210584,23737,20-Jul-2018
25581,Reliance,10210915,65180.66,12-Sep-2018
25589,Piramal,11210041,17798.71,19-Jul-2018
25593,Nivea India,10610264,6333.3,31-May-2018
25598,Piramal,11210053,33150,14-Aug-2018
25601,Piramal,11210054,75806,14-Aug-2018
25603,Piramal,11210040,6290.15,19-Jul-2018
25610,AMAT,10210683,21168,6-Aug-2018
25613,Piramal,10210730,126532.5,11-Aug-2018
25628,Henkel,10210589,6388,20-Jul-2018
25629,BEL Optronic,10210712,3943,8-Aug-2018
25633,GHCL,10610245,11837.76,23-Jul-2018
25634,GE Power Systems,10610241,62478,21-Jul-2018
25639,Micron Enterprises,10610283,10527.5,8-Aug-2018
25641,AMAT,10210642,61776.23,1-Aug-2018
25642,AMAT,10210619,93772,24-Jul-2018
25643,AMAT,10210611,152659,23-Jul-2018
25653,IR,10610414,12500,25-Sep-2018
25654,Henkel,10210608,148250,23-Jul-2018
25658,ABB India,10610291,17100,12-Aug-2018
25666,Henkel,10210653,140685,30-Jun-2018
25674,Cummins,10210827,13500,29-Aug-2018
25677,IR,10610265,16500,30-Jul-2018
25679,AIC Lab Equipments,10210735,10086,10-Aug-2018
25681,GHCL,10610247,819,23-Jul-2018
25682,IR,10610248,2893.2,23-Jul-2018
25691,Henkel,10210638,3300,30-Jul-2018
25693,Cummins,10210756,368800,17-Aug-2018
25696,Cummins,10210693,6705,7-Aug-2018
25697,Godrej,10210606,560000,24-Jul-2018
25698,Henkel,10210765,35860,18-Aug-2018
25698,Henkel,10210765,-35860,1-Sep-2018
25699,Cummins,10211093,590000,10-Oct-2018
25702,Johnson Matthey Chem. India,10211058,19800,6-Oct-2018
25704,Henkel,10210618,7921,25-Jul-2018
25706,Piramal,10210610,3240,23-Jul-2018
25711,Henkel,10210645,117262.5,1-Aug-2018
25712,GHCL,10610249,90.5,23-Jul-2018
25723,RIL,10210750,50071,14-Aug-2018
25724,Piramal,11210044,14459.3,24-Jul-2018
25727,Cummins,10210863,15094.1,5-Sep-2018
25732,IR,10610366,7944,10-Sep-2018
25733,ZF India,10210817,68900,28-Aug-2018
25739,Crosslay Remedies,10910155,12650,2-Nov-2018
25744,GHCL,10610253,32946,24-Jul-2018
25748,GE,10610390,111728,19-Sep-2018
25750,Piramal,11210046,46670,1-Aug-2018
25754,Covestro,10910060,30700,31-May-2018
25765,Cummins,10210685,39993,6-Aug-2018
25767,Piramal,10210622,49126.5,25-Jul-2018
25768,AMAT,10210627,5732,25-Jul-2018
25769,Henkel,10210724,6316,10-Aug-2018
25776,Henkel,10210727,7369,10-Aug-2018
25780,Duroshox,10210757,6600,17-Aug-2018
25781,AMAT,10210626,20842,26-Jul-2018
25784,GE,10610275,20156,6-Aug-2018
25786,Piramal,11210045,9666,26-Jul-2018
25793,Graziano,10910058,35500,26-Jul-2018
25794,ZF India,10210704,41565,7-Aug-2018
25795,Cummins,10210637,48334,27-Jul-2018
25797,Henkel,10210707,84740.8,8-Aug-2018
25798,Huntsman,10210684,118948,6-Aug-2018
25801,GE Power Systems,10610256,14910,26-Jul-2018
25809,AMAT,10210688,12436,6-Aug-2018
25815,Henkel,10210690,168720.5,6-Aug-2018
25817,Henkel,10210745,3895,14-Aug-2018
25819,Cummins,10210903,138045,12-Sep-2018
25824,Cummins,10210815,125204.2,28-Aug-2018
25825,Covestro,10910068,1100,8-Aug-2018
25827,Covestro,10910061,7800,1-Aug-2018
25834,Henkel,10210960,94440,21-Sep-2018
25836,Cummins,10210651,138157,1-Aug-2018
25837,Cummins,10210717,7184.71,9-Aug-2018
25838,GE,10210743,69120,14-Aug-2018
25839,Cummins,10210794,62878,23-Aug-2018
25848,Godrej,10210639,90300,1-Sep-2018
25851,JSE,10210633,1469400,27-Jul-2018
25853,AMAT,10210680,115140.2,6-Aug-2018
25854,Oerlikon,10210664,8032,1-Aug-2018
25855,Piramal,10210654,1081400,1-Aug-2018
25858,Cummins,10210850,7298,3-Sep-2018
25861,IR,10610261,29582,30-Jul-2018
25865,Graziano,10910066,264000,8-Aug-2018
25876,JLL,10210760,139614.66,17-Aug-2018
25878,AMAT,10210679,16700,6-Aug-2018
25879,Henkel,10210776,800,21-Aug-2018
25880,Henkel,10211046,53415.24,5-Oct-2018
25880,Henkel,10211069,6000,8-Oct-2018
25880,Henkel,10211112,1154.24,15-Oct-2018
25880,Henkel,10211124,46636,16-Oct-2018
25883,SSI,10210652,24300,20-Jul-2018
25884,GHCL,10610292,175180,14-Aug-2018
25887,Cummins,10210925,16187.16,17-Sep-2018
25888,Beckman Coulter,10210656,29474,1-Aug-2018
25889,GE Power Systems,10610268,80091,1-Aug-2018
25898,Asahi India Glass,10910089,61600,24-Aug-2018
25903,Covestro,10910070,14800,8-Aug-2018
25905,Henkel,10210753,3321,17-Aug-2018
25906,Cummins,10210649,70437,1-Aug-2018
25909,Henkel,10210721,13849,10-Aug-2018
25910,Beckman Coulter,10210695,34409,7-Aug-2018
25911,Metso,10610287,11640,13-Aug-2018
25914,AMAT,10210675,7447,2-Aug-2018
25918,Henkel,10210672,18150,2-Aug-2018
25924,Henkel,10210674,2229,2-Aug-2018
25925,Henkel,10210671,5138,2-Aug-2018
25926,Huntsman,10210706,37204,8-Aug-2018
25929,Piramal,10210657,45804,1-Aug-2018
25939,IR,10610360,4457.16,6-Sep-2018
25944,RIL,10210748,10801,14-Aug-2018
25945,Henkel,10210673,2409,2-Aug-2018
25947,Piramal,11210047,8158,6-Aug-2018
25949,Covestro,10910062,20550,1-Aug-2018
25949,Covestro,10910063,20550,1-Aug-2018
25950,Henkel,10210725,136684,10-Aug-2018
25951,VVF India,10210796,13222.28,24-Aug-2018
25953,John Energy,10610266,42500,1-Aug-2018
25954,IR,10610315,3200,22-Aug-2018
25957,GE,10610269,8923.64,2-Aug-2018
25958,SSI,10210881,515873,7-Sep-2018
25965,AMAT,10210658,7447,1-Aug-2018
25966,IR,10610387,12000,18-Sep-2018
25969,Piramal,10210661,18432,1-Aug-2018
25971,AMAT,10210678,10500,6-Aug-2018
25973,IR,10610271,1944,6-Aug-2018
25974,GE Power Systems,10610272,89460,6-Aug-2018
25975,Beckman Coulter,10210666,171482,2-Aug-2018
25978,SSI,10210804,1941.5,27-Aug-2018
25988,AMAT,10210713,3362,9-Aug-2018
25994,GE,10610406,54219,24-Sep-2018
25995,AMAT,10210708,2856.34,8-Aug-2018
25999,GE,10610339,39564,30-Aug-2018
26002,Piramal,10210667,6210.5,2-Aug-2018
26003,SSI,10210731,8618,11-Aug-2018
26005,JSE,10210665,1038400,2-Aug-2018
26012,Oerlikon,10210751,7014,14-Aug-2018
26017,GE Power Systems,10610270,185725,2-Aug-2018
26018,AMAT,10210681,456218,6-Aug-2018
26019,GE,10211182,28089,24-Oct-2018
26025,AMAT,10210742,31984,14-Aug-2018
26027,Rexel India,10210744,255920,14-Aug-2018
26034,Graziano,10910094,72876.65,1-Sep-2018
26037,Piramal,10210689,125654,6-Aug-2018
26041,SSI,10210800,26064,27-Aug-2018
26052,Henkel,10211210,11500,1-Nov-2018
26057,Bharti Airtel,10910065,2175,6-Aug-2018
26058,Henkel,10210682,94500,6-Aug-2018
26062,Henkel,10210710,1078.94,8-Aug-2018
26062,Henkel,10210710,-1078.94,6-Oct-2018
26062,Henkel,10211065,1078.94,8-Oct-2018
26068,Cummins,10211178,1070758,26-Oct-2018
26072,Henkel,10210686,62082.37,6-Aug-2018
26076,Henkel,10211177,800,26-Oct-2018
26085,Piramal,11210048,10082.54,6-Aug-2018
26086,Cummins,10210848,50609,31-Aug-2018
26089,Cummins,10210899,614600,12-Sep-2018
26090,Beckman Coulter,10210851,2000,3-Sep-2018
26093,GE Power Systems,10610278,7770,7-Aug-2018
26093,GE Power Systems,10610288,6000,10-Aug-2018
26093,GE Power Systems,10610316,12000,22-Aug-2018
26093,GE Power Systems,10610317,6000,23-Aug-2018
26093,GE Power Systems,10610341,2400,30-Aug-2018
26093,GE Power Systems,10610350,2400,5-Sep-2018
26093,GE Power Systems,10610353,2400,5-Sep-2018
26093,GE Power Systems,10610355,12000,5-Sep-2018
26104,AMAT,10210699,30988,7-Aug-2018
26106,GE,10610328,248162,25-Aug-2018
26108,IR,10610277,57000,7-Aug-2018
26112,SSI,10210728,41306.38,11-Aug-2018
26117,Henkel,10210709,163025.33,8-Aug-2018
26121,Duroshox,10210701,7230,7-Aug-2018
26121,Duroshox,10210831,9640,30-Aug-2018
26122,Covestro,10910067,3500,8-Aug-2018
26122,Covestro,10910069,3500,8-Aug-2018
26125,IR,10610279,17526,7-Aug-2018
26131,Beckman Coulter,10210714,26209,9-Aug-2018
26132,GE,10210919,32000,14-Sep-2018
26134,GE,10210855,13920,3-Sep-2018
26141,GE,10210896,70400,11-Sep-2018
26142,Piramal,10210734,130873.8,13-Aug-2018
26143,AMAT,10210729,3350,11-Aug-2018
26146,GE,10610331,6970,27-Aug-2018
26151,GHCL,10610281,2629.2,8-Aug-2018
26152,AMAT,10210733,14625,13-Aug-2018
26153,Beckman Coulter,10210711,11000,8-Aug-2018
26155,Cummins,10210818,66315,28-Aug-2018
26159,IR,10610303,5749.2,18-Aug-2018
26160,Henkel,10210722,6580,10-Aug-2018
26161,GHCL,10610282,108.8,8-Aug-2018
26167,Piramal,11210049,1024.8,8-Aug-2018
26169,Graziano,10910077,132000,17-Aug-2018
26175,GIA India Lab.,10210762,33860,18-Aug-2018
26177,IR,10610310,15800,22-Aug-2018
26178,Henkel,10210716,16240,9-Aug-2018
26179,Henkel,10210880,48000,7-Sep-2018
26183,JLL,10211032,44279.7,3-Oct-2018
26187,Henkel,10210954,3766,21-Sep-2018
26188,IR,10610305,15385,18-Aug-2018
26196,Delhivery,10910131,516000,13-Oct-2018
26200,Covestro,10210788,3200,23-Aug-2018
26201,Piramal,11210051,63156,10-Aug-2018
26204,Piramal,11210050,7053.27,9-Aug-2018
26205,GE Power Systems,10610286,21053,13-Aug-2018
26206,Bharti Airtel,10910075,2175,17-Aug-2018
26207,Videojet,10210838,5000,30-Aug-2018
26211,Bharti Airtel,10910072,2175,9-Aug-2018
26213,Bharti Airtel,10910080,2175,20-Aug-2018
26214,Adino Telecom,10210763,72712,18-Aug-2018
26220,Kirloskar,10210955,7136.5,21-Sep-2018
26223,AMAT,10210767,19211,18-Aug-2018
26224,GE,10610285,1795.2,11-Aug-2018
26226,AMAT,10210810,129000,28-Aug-2018
26228,Cummins,10210752,6588,16-Aug-2018
26229,Henkel,10210723,1650,10-Aug-2018
26232,ABB India,10610326,866,24-Aug-2018
26234,AMAT,10210787,1304.34,23-Aug-2018
26245,Cummins,10210808,86777,28-Aug-2018
26248,APM Terminals,10210739,25778,14-Aug-2018
26251,GE,10610332,25116,27-Aug-2018
26252,Henkel,10210736,117262.5,14-Aug-2018
26253,GE Power Systems,10610289,18000,11-Aug-2018
26257,Piramal,11210052,2576.25,11-Aug-2018
26261,GE Power Systems,10610457,32568,13-Oct-2018
26263,Cummins,10210732,42220.08,11-Aug-2018
26268,GE Power Systems,10610290,1391626,13-Aug-2018
26271,GE,10610359,26966,6-Sep-2018
26271,GE,10610362,26966,7-Sep-2018
26273,AMAT,10210737,69031,14-Aug-2018
26274,SSI,10210754,90758.78,17-Aug-2018
26276,Henkel,10210994,209982,27-Sep-2018
26278,SSI,10210783,1637,22-Aug-2018
26281,Henkel,10210823,2800,29-Aug-2018
26285,AMAT,10210738,7878,14-Aug-2018
26287,Henkel,10210761,10090,17-Aug-2018
26288,SSI,10210793,45054,23-Aug-2018
26289,Truevalue,10210749,1144.05,14-Aug-2018
26293,Henkel,10210814,8950,28-Aug-2018
26299,Henkel,10210746,117262.5,14-Aug-2018
26301,AMAT,10210786,137932,23-Aug-2018
26306,Henkel,10210990,17612,26-Sep-2018
26308,APM Terminals,10210740,21679.6,14-Aug-2018
26311,GE,10610392,35125,20-Sep-2018
26315,Piramal,11210055,3624.15,14-Aug-2018
26318,Plasser India,10610348,168568.47,4-Sep-2018
26318,Plasser India,10610427,2546,4-Oct-2018
26319,Henkel,10210747,110262.5,14-Aug-2018
26332,Midland Credit,10910092,40000,29-Aug-2018
26333,GHCL,10610397,3384,21-Sep-2018
26335,GE,10610352,27600,5-Sep-2018
26339,Piramal,10210779,13090.2,22-Aug-2018
26341,AMAT,10210847,10212,31-Aug-2018
26342,Piramal,10210778,42590.4,22-Aug-2018
26348,GHCL,10610297,3913.72,16-Aug-2018
26349,Piramal,11410001,21316,30-Aug-2018
26352,GE Power Systems,10610300,56000,17-Aug-2018
26356,Henkel,10210870,6246,5-Sep-2018
26357,Henkel,10210769,110019.74,18-Aug-2018
26360,GE Power Systems,10610296,10000,16-Aug-2018
26361,GE,10211246,94932.79,5-Nov-2018
26363,Bharti Airtel,10910076,2175,16-Aug-2018
26366,Piramal,11210057,1525,16-Aug-2018
26368,AMAT,10210774,6115,20-Aug-2018
26369,GE Power Systems,10610306,181875,20-Aug-2018
26370,GHCL,10610311,3179,22-Aug-2018
26372,Covestro,10910088,12600,24-Aug-2018
26376,GHCL,10610301,40680,17-Aug-2018
26378,Piramal,11410003,232830,31-Aug-2018
26380,GE,10610334,4500,29-Aug-2018
26387,GE,10210791,81435,23-Aug-2018
26388,Henkel,10210877,1477.5,6-Sep-2018
26389,AMAT,10210784,157026.76,22-Aug-2018
26390,Cummins,10211199,10465,30-Oct-2018
26391,Cummins,10211262,21261.45,13-Nov-2018
26392,Piramal,11410017,580622.47,17-Sep-2018
26396,Covestro,10910087,6780,23-Aug-2018
26399,ZF India,10210934,15693.7,19-Sep-2018
26403,Cummins,10210860,14332,4-Sep-2018
26404,Bharti Airtel,10910078,2900,17-Aug-2018
26405,Cummins,10210807,16815,28-Aug-2018
26407,Bharti Airtel,10910079,2175,17-Aug-2018
26409,GE,10610393,41649.5,20-Sep-2018
26411,HYATT,10910147,5778.83,24-Oct-2018
26416,Godrej,10211020,13780,1-Oct-2018
26422,GE Power Systems,10610304,7500,18-Aug-2018
26423,Henkel,10210764,16187.2,18-Aug-2018
26428,SRF,10211102,21985,11-Oct-2018
26430,Henkel,10210766,11766,18-Aug-2018
26430,Henkel,10210766,-11765.14,1-Sep-2018
26432,AMAT,10210770,158300,20-Aug-2018
26436,Nivea India,10610357,116000,5-Sep-2018
26440,Piramal,11410002,224201.4,22-Aug-2018
26442,GHCL,10610346,19666,28-Aug-2018
26443,Bharti Airtel,10910085,2175,21-Aug-2018
26444,Cummins,10210858,14556,4-Sep-2018
26445,GE Power Systems,10610313,61250,22-Aug-2018
26447,GE Power Systems,10610503,4630,1-Nov-2018
26448,ABB India,10610329,19000,24-Aug-2018
26449,VVF,10210947,16200,20-Sep-2018
26450,Bharti Airtel,10910081,2175,20-Aug-2018
26451,Hyosung,10210772,1600,20-Aug-2018
26453,IR,10610325,18600,24-Aug-2018
26472,SSI,10210775,2474,21-Aug-2018
26496,Piramal,11410004,22329,3-Sep-2018
26498,Cummins,10210973,16513.5,24-Sep-2018
26506,Piramal,11210058,25634,21-Aug-2018
26507,GE Power Systems,10610307,21600,21-Aug-2018
26508,Henkel,10210824,60510,29-Aug-2018
26510,Henkel,10210861,6315,4-Sep-2018
26511,Henkel,10210812,3500,28-Aug-2018
26512,Carlsberg,10910104,280612.5,10-Sep-2018
26514,GE Power Systems,10610308,104626,21-Aug-2018
26516,SSI,10211005,19291.99,25-Sep-2018
26518,Bharti Airtel,10910083,2175,22-Aug-2018
26523,Henkel,10210935,197967.35,19-Sep-2018
26529,Godrej,10210883,27330,7-Sep-2018
26530,Stanley Engineered,10210813,14200,28-Aug-2018
26531,Piramal,11410008,1084900,6-Sep-2018
26535,Trident Computer,10210781,218088,22-Aug-2018
26542,Henkel,10210782,9211.05,22-Aug-2018
26545,Bharti Airtel,10910084,10875,22-Aug-2018
26548,GE Power Systems,10610345,12474,1-Sep-2018
26551,Henkel,10210795,30526,24-Aug-2018
26554,GE,10610340,2000,30-Aug-2018
26561,GE Power Systems,10610376,108000,12-Sep-2018
26562,Henkel,10210837,1344764,30-Aug-2018
26564,GHCL,10610321,819,23-Aug-2018
26565,GHCL,10610322,384.25,23-Aug-2018
26567,GHCL,10610323,517,23-Aug-2018
26569,GHCL,10610324,962,23-Aug-2018
26570,GHCL,10610320,12669.2,23-Aug-2018
26571,GHCL,10610319,3615.12,23-Aug-2018
26572,GE,10210809,1314,28-Aug-2018
26573,Henkel,10210970,105620,24-Sep-2018
26574,Piramal,11210059,56289,28-Aug-2018
26576,Cummins,10211239,109464,5-Nov-2018
26579,Henkel,10210865,14725.74,5-Sep-2018
26581,Henkel,10210949,311512.22,20-Sep-2018
26582,Henkel,10210904,246992,12-Sep-2018
26585,AMAT,10210802,15744.91,27-Aug-2018
26586,Piramal,11410005,140936,5-Sep-2018
26590,Cummins,10210944,19386.88,19-Sep-2018
26598,Nivea India,10610379,17550,14-Sep-2018
26600,AMAT,10210801,2419.4,27-Aug-2018
26602,ZF India,10211039,48819.4,4-Oct-2018
26604,Cummins,10210835,20228,30-Aug-2018
26606,IR,10610333,7700,28-Aug-2018
26608,Bharat Container,10210909,77146.5,12-Sep-2018
26610,Henkel,10210799,35730,24-Aug-2018
26612,Henkel,10210803,80432,24-Aug-2018
26621,GHCL,10610336,250052,29-Aug-2018
26624,Piramal,11410007,31593,6-Sep-2018
26632,GE Power Systems,10610327,345772.7,24-Aug-2018
26635,IR,10610394,3242,21-Sep-2018
26636,GE,10610354,22978,5-Sep-2018
26637,VVF India,10210816,1400,28-Aug-2018
26639,AMAT,10211076,14361.71,9-Oct-2018
26640,GE Power Systems,10610330,37000,27-Aug-2018
26643,Covestro,10910090,85000,28-Aug-2018
26644,Piramal,11410013,215787,12-Sep-2018
26644,Piramal,11410025,23100,3-Oct-2018
26657,AMAT,10210853,24247,3-Sep-2018
26661,ABB India,10610337,5604,29-Aug-2018
26662,GE,10610428,153721,5-Oct-2018
26667,JSE,10210805,2001106,27-Aug-2018
26676,AMAT,10210974,15691.49,24-Sep-2018
26677,Cummins,10210924,234982,17-Sep-2018
26678,Cummins,10211051,175977,5-Oct-2018
26682,Henkel,10210819,10518,28-Aug-2018
26684,Henkel,10210821,57600,28-Aug-2018
26685,Henkel,10210820,82530,28-Aug-2018
26689,Cummins,10210857,11499.1,4-Sep-2018
26693,Piramal,10210811,13995,28-Aug-2018
26695,Henkel,10210874,178602.11,6-Sep-2018
26696,Stanley Engineered,10210828,58000,29-Aug-2018
26700,Cargill,10210856,54000,4-Sep-2018
26710,Hyosung,10210873,4620,6-Sep-2018
26711,AMAT,10210822,390,29-Aug-2018
26716,Cummins,10211255,151350,12-Nov-2018
26717,Covestro,10910096,1410,3-Sep-2018
26724,PNP Maritime,10210832,936.37,30-Aug-2018
26725,AMAT,10210862,20063,4-Sep-2018
26726,Henkel,10211189,241013.39,29-Oct-2018
26728,Piramal,11410010,251342,7-Sep-2018
26729,Piramal,11410009,29610,6-Sep-2018
26730,Myntra Jabong India,10910109,180952,10-Sep-2018
26731,IR,10610338,5525,29-Aug-2018
26733,The Lalit,10210876,29348,6-Sep-2018
26734,Henkel,10210826,136684,29-Aug-2018
26737,Asahi India Glass,10910113,113858,24-Sep-2018
26738,JSE,10210825,1814557,29-Aug-2018
26739,GE Power Systems,10610343,18051.9,30-Aug-2018
26746,Henkel,10210889,73684,11-Sep-2018
26747,Henkel,10210918,18947,14-Sep-2018
26748,Hyosung,10210829,1000,29-Aug-2018
26750,ABB India,10610371,60824,11-Sep-2018
26751,Mahindra,10210841,22339,30-Aug-2018
26751,Mahindra,10210842,22339,30-Aug-2018
26752,Mahindra,10210840,22339,30-Aug-2018
26753,Mahindra,10210843,27330.52,30-Aug-2018
26770,Adino Telecom,10210833,42600,30-Aug-2018
26771,Cargill,10210892,283754,11-Sep-2018
26771,Cargill,10210897,283754,12-Sep-2018
26773,Cummins,10210931,50100.15,18-Sep-2018
26774,Cummins,10210885,28041,10-Sep-2018
26777,AMAT,10210845,1200,31-Aug-2018
26778,JSE,10210834,1846219.3,30-Aug-2018
26780,Henkel,10210948,8947,20-Sep-2018
26789,Nivea India,10610349,21000,4-Sep-2018
26793,GE,10610385,10429,17-Sep-2018
26796,GHCL,10610347,2244.5,31-Aug-2018
26797,Cummins,10210926,332026,18-Sep-2018
26802,GE Power Systems,10610342,12596,30-Aug-2018
26804,Beckman Coulter,10210871,30000,6-Sep-2018
26823,Piramal,11410024,48504,21-Sep-2018
26827,Piramal,11410023,42269.2,21-Sep-2018
26835,Piramal,11410015,22953,14-Sep-2018
26837,AMAT,10210867,60000,5-Sep-2018
26842,Cummins,10210905,57341,12-Sep-2018
26843,GHCL,10610381,9500,14-Sep-2018
26844,Cummins,10211009,33833.86,27-Sep-2018
26845,Piramal,11410011,26334,7-Sep-2018
26846,Cummins,10210900,8994,12-Sep-2018
26847,AMAT,10211031,10166.67,3-Oct-2018
26848,GE Power Systems,10610344,267490,31-Aug-2018
26850,Henkel,10210872,135786.26,6-Sep-2018
26852,GE,10210844,52560,31-Aug-2018
26855,Inarco,10610358,7500,6-Sep-2018
26856,Raymond,10210884,575000,10-Sep-2018
26876,AMAT,10210854,64229,3-Sep-2018
26878,Beckman Coulter,10210849,4000,1-Sep-2018
26880,Piramal,11210060,895,3-Sep-2018
26882,GE,10210929,42192,18-Sep-2018
26883,Henkel,10210852,94500,3-Sep-2018
26884,Cummins,10211071,60000,8-Oct-2018
26891,Godrej,10210859,10000,4-Sep-2018
26892,Godrej,10210913,85625,12-Sep-2018
26894,Bharti Airtel,10910102,2175,4-Sep-2018
26895,Bharti Airtel,10910097,2175,4-Sep-2018
26896,Bharti Airtel,10910100,2175,4-Sep-2018
26897,Bharti Airtel,10910101,2175,4-Sep-2018
26899,Bharti Airtel,10910098,2175,4-Sep-2018
26900,Bharti Airtel,10910099,2175,4-Sep-2018
26901,Delhivery,10910110,765000,10-Sep-2018
26901,Delhivery,10910110,-765000,18-Sep-2018
26901,Delhivery,10910112,780000,18-Sep-2018
26904,Beckman Coulter,10210943,31968,20-Sep-2018
26918,Henkel,10210895,147368,11-Sep-2018
26922,Cummins,10211202,8280,30-Oct-2018
26925,Covestro,10910103,4350,7-Sep-2018
26927,Cummins,10210953,50960,20-Sep-2018
26933,Hyosung,10210956,11000,21-Sep-2018
26938,IR,10610408,1783.72,24-Sep-2018
26940,Value Beverages,10210888,5944.5,11-Sep-2018
26944,Cummins,10210933,13220,19-Sep-2018
26945,Henkel,10210938,63157,19-Sep-2018
26949,AMAT,10210878,2128,6-Sep-2018
26963,Bharti Airtel,10910106,3625,5-Sep-2018
26964,Bharti Airtel,10910105,2175,10-Sep-2018
26970,Piramal,11210062,13599,6-Sep-2018
26977,Reliance,10210917,24500,14-Sep-2018
26978,Henkel,10210890,27368,11-Sep-2018
26980,GE,10210965,349375,21-Sep-2018
26981,Piramal,11210061,921.38,5-Sep-2018
26984,Nivea India,10610407,50000,24-Sep-2018
26985,AMAT,10210962,14530,24-Sep-2018
26987,Cummins,10211092,30106.38,8-Oct-2018
26988,Piramal,11410006,31880,5-Sep-2018
26989,Henkel,10210868,128325.5,6-Sep-2018
26993,GlaxoSmithKline,10910121,88426.08,1-Oct-2018
26995,Beckman Coulter,10210906,32000,11-Sep-2018
26997,Nivea India,10610377,16500,14-Sep-2018
26998,Trident Computer,10210866,267968,5-Sep-2018
27013,Piramal,11410018,210656.68,18-Sep-2018
27013,Piramal,11410026,19800,3-Oct-2018
27016,Beckman Coulter,10210942,450000,20-Sep-2018
27020,Ayoki Exports,10210916,70275,14-Sep-2018
27026,IR,10610367,11145,10-Sep-2018
27030,Piramal,11210063,1320.9,14-Sep-2018
27035,IGL,10210875,1440000,6-Sep-2018
27039,Covestro,10210983,14364,25-Sep-2018
27042,Cargill,10210898,9950,12-Sep-2018
27044,ABB India,10610383,54743.73,14-Sep-2018
27044,ABB India,10610383,-54743.73,1-Oct-2018
27044,ABB India,10610422,57569.24,1-Oct-2018
27045,ABB India,10610423,14060.6,1-Oct-2018
27046,ABB India,10610432,13334.48,5-Oct-2018
27049,AMAT,10210952,13667.32,20-Sep-2018
27057,Henkel,10211153,9841.18,24-Oct-2018
27060,Henkel,10210891,58142,11-Sep-2018
27070,Beckman Coulter,10210921,43744.64,17-Sep-2018
27071,Henkel,10211103,78022,11-Oct-2018
27075,Cargill,10210902,38024,12-Sep-2018
27076,Cummins,10211115,3522.75,15-Oct-2018
27080,SSI,10210886,138157.5,10-Sep-2018
27090,Kirloskar,10210941,4950,20-Sep-2018
27096,IR,10610364,13300,10-Sep-2018
27097,ICAR,10210882,1398.3,7-Sep-2018
27106,GHCL,10610395,1059,21-Sep-2018
27107,GHCL,10610403,12400.5,22-Sep-2018
27109,Graziano,10910108,3448.54,10-Sep-2018
27110,GHCL,10610399,19666,20-Sep-2018
27111,GHCL,10610398,2856.3,21-Sep-2018
27117,GE,10211004,10000,28-Sep-2018
27118,Piramal,11410012,24600,11-Sep-2018
27120,Hindustan Zinc,10910111,24500,17-Sep-2018
27121,Cargill,10210985,559400,25-Sep-2018
27122,Henkel,10210932,5100,18-Sep-2018
27123,AMAT,10210887,246915,11-Sep-2018
27125,GE Power Systems,10610365,15600,10-Sep-2018
27126,Cummins,10210901,7787.79,12-Sep-2018
27131,GE Power Systems,10610369,1100,10-Sep-2018
27132,Cummins,10211068,16736.84,8-Oct-2018
27136,Graziano,10910107,144165,10-Sep-2018
27138,GE Power Systems,10610370,4750,10-Sep-2018
27139,GE Power Systems,10610373,39472,11-Sep-2018
27144,GHCL,10610400,13570.98,22-Sep-2018
27145,Rexel India,10210923,1007300,17-Sep-2018
27149,GE,10610391,39688,19-Sep-2018
27158,Beckman Coulter,10211048,23100,5-Oct-2018
27158,Beckman Coulter,10211050,23100,5-Oct-2018
27160,Beckman Coulter,10211049,70600,5-Oct-2018
27162,Henkel,10210936,77782.32,19-Sep-2018
27163,Cummins,10210894,138840,11-Sep-2018
27164,Godrej,10210910,70620,12-Sep-2018
27165,Piramal,11210066,22705.96,21-Sep-2018
27166,Henkel,10210930,56250,18-Sep-2018
27168,Cummins,10211254,53040.9,12-Nov-2018
27170,Piramal,11410022,66150,20-Sep-2018
27172,IR,10610374,23630,12-Sep-2018
27175,Henkel,10210999,112630.57,27-Sep-2018
27182,Piramal,11410014,21329.1,14-Sep-2018
27187,Talis Valves,10210986,4879.23,25-Sep-2018
27187,Talis Valves,10210987,4879.23,25-Sep-2018
27189,Cummins,10211060,29050,8-Oct-2018
27197,Inarco,10610421,4611,28-Sep-2018
27201,AMAT,10210908,37282.98,12-Sep-2018
27203,Asahi India Glass,10910146,8000,26-Oct-2018
27207,GE,10610430,30928.84,5-Oct-2018
27208,Nivea India,10610405,1418.49,24-Sep-2018
27212,Videojet,10210907,65800,12-Sep-2018
27213,Cummins,10210920,18000,17-Sep-2018
27216,GE Power Systems,10610420,100245.6,28-Sep-2018
27220,GE Power Systems,10610378,4980,14-Sep-2018
27224,Piramal,11410016,14972,14-Sep-2018
27227,SSI,10210964,5911.84,24-Sep-2018
27229,ABB India,10610410,17856.88,25-Sep-2018
27230,GHCL,10610417,5700,27-Sep-2018
27234,GHCL,10610409,4896.4,24-Sep-2018
27235,Piramal,11210064,141.18,14-Sep-2018
27236,Cummins,10210988,33043.48,25-Sep-2018
27238,SSI,10210940,25068.91,19-Sep-2018
27239,Piramal,11210065,47150,17-Sep-2018
27245,Duroshox,10211070,709.46,8-Oct-2018
27248,GE,10210976,4800,25-Sep-2018
27249,Henkel,10210993,35042.64,27-Sep-2018
27264,GE Power Systems,10610382,37899,17-Sep-2018
27265,GHCL,10610419,72800,28-Sep-2018
27274,Cummins,10211073,3007.19,8-Oct-2018
27286,Henkel,10211074,80359.74,8-Oct-2018
27288,GE Power Systems,10610386,38750,17-Sep-2018
27294,Cummins,10211221,39930,1-Nov-2018
27295,Henkel,10210998,10588.53,27-Sep-2018
27298,Cummins,10211085,44810.12,9-Oct-2018
27300,Henkel,10211017,4787.23,1-Oct-2018
27303,Husco,10210989,5100,24-Sep-2018
27306,Cummins,10210961,5796.27,24-Sep-2018
27314,Henkel,10210937,8000,18-Sep-2018
27318,AMAT,10211029,17620.82,3-Oct-2018
27322,IR,10610459,75600,13-Oct-2018
27323,Henkel,10211173,24421.36,24-Oct-2018
27331,Henkel,10210927,8000,18-Sep-2018
27346,Henkel,10211019,32157.52,1-Oct-2018
27352,Henkel,10211035,4043,4-Oct-2018
27357,Henkel,10210958,119702,21-Sep-2018
27363,GE,10211010,26152,28-Sep-2018
27368,GE,10610404,376344,24-Sep-2018
27372,Beckman Coulter,10210971,1012852.67,24-Sep-2018
27373,GHCL,10610411,3507,25-Sep-2018
27379,GHCL,10610396,7580,21-Sep-2018
27382,Hyosung,10210939,3000,19-Sep-2018
27387,Godrej,10210969,9900,24-Sep-2018
27389,Knexir,10211111,6639.6,15-Oct-2018
27389,Knexir,10211170,6954.56,25-Oct-2018
27392,Beckman Coulter,10210950,5800,20-Sep-2018
27403,Piramal,11410019,57375,20-Sep-2018
27404,Piramal,11410020,7650,20-Sep-2018
27406,Piramal,11410021,286539,20-Sep-2018
27407,Henkel,10211007,10638.28,28-Sep-2018
27408,Godrej,10210963,8275,24-Sep-2018
27409,Enzene Biosciences,10211016,1061524.52,1-Oct-2018
27413,Henkel,10211041,38909.58,4-Oct-2018
27418,Henkel,10210995,8510.63,27-Sep-2018
27420,Henkel,10210951,1831.56,20-Sep-2018
27423,BITUFLEX,10210945,1695540,20-Sep-2018
27425,BITUFLEX,10210946,2595320,20-Sep-2018
27427,Beckman Coulter,10211024,241823.84,3-Oct-2018
27430,Beckman Coulter,10211044,20520,5-Oct-2018
27432,AMAT,10211181,77419.35,26-Oct-2018
27441,GE,10610444,30949.2,9-Oct-2018
27442,Cargill,10211056,27635,5-Oct-2018
27443,GE,10610412,13200,25-Sep-2018
27449,GE,10610502,41602.4,1-Nov-2018
27456,GE,10211023,61750,1-Oct-2018
27456,GE,10211063,20000,8-Oct-2018
27461,Henkel,10210957,114065,21-Sep-2018
27465,GHCL,10610450,79982.2,10-Oct-2018
27467,AMAT,10211008,4613.97,28-Sep-2018
27468,AMAT,10210966,34042.56,21-Sep-2018
27470,Henkel,10211036,11250,4-Oct-2018
27484,GHCL,10610401,5235.8,23-Sep-2018
27487,GHCL,10610402,961,23-Sep-2018
27488,GE,10610520,37285,14-Nov-2018
27489,Piramal,11210067,8296.24,25-Sep-2018
27492,Cummins - Recon India,10211066,10500,8-Oct-2018
27493,AMAT,10210967,21763.44,24-Sep-2018
27494,Graziano,10910156,173248.79,5-Nov-2018
27495,Hindustan Zinc,10910114,262290,24-Sep-2018
27498,Henkel,10211037,11515.96,4-Oct-2018
27500,SSI,10211105,17526,12-Oct-2018
27501,Cummins,10211089,5040,10-Oct-2018
27502,Nhava Sheva,10211081,77400,9-Oct-2018
27503,Henkel,10210982,4950,25-Sep-2018
27506,Piramal,10210978,126000,25-Sep-2018
27507,Henkel,10210991,8379,26-Sep-2018
27510,Henkel,10210972,900,24-Sep-2018
27512,Henkel,10210979,192350,25-Sep-2018
27514,Henkel,10910117,515789.47,28-Sep-2018
27515,Henkel,10211232,35929.44,2-Nov-2018
27516,Cummins,10211149,167391.3,23-Oct-2018
27519,GlaxoSmithKline,10910118,46342,1-Oct-2018
27526,Henkel,10210981,395320,25-Sep-2018
27528,BITUFLEX,10210975,1830683,25-Sep-2018
27530,AMAT,10211022,38075.49,1-Oct-2018
27530,AMAT,10211028,117380.87,3-Oct-2018
27533,Cummins,10211045,27870.4,5-Oct-2018
27535,Godrej,10211001,30375,28-Sep-2018
27543,JSE,10210977,704800,25-Sep-2018
27544,IR,10610413,1250,25-Sep-2018
27546,Landmark,10211259,26505,12-Nov-2018
27547,John Energy,10610463,162168,17-Oct-2018
27548,KazStroy,10210984,7521000,25-Sep-2018
27551,Henkel,10211079,87912,9-Oct-2018
27552,Henkel,10211086,133404,9-Oct-2018
27553,Henkel,10211091,133404,10-Oct-2018
27557,Covestro,10610453,7250,12-Oct-2018
27559,Covestro,10910115,24030,27-Sep-2018
27568,GE Power Systems,10610415,147110,26-Sep-2018
27572,Henkel,10211113,85957.45,15-Oct-2018
27576,Henkel,10211154,51919.41,24-Oct-2018
27579,Henkel,10211052,417220,5-Oct-2018
27580,GE,10210992,172800,26-Sep-2018
27592,AMAT,10211043,41436.16,4-Oct-2018
27600,ABB India,10610489,14695.65,29-Oct-2018
27604,GE Power Systems,10610418,28350,27-Sep-2018
27606,GE,10211201,93185,30-Oct-2018
27609,Henkel,10211003,32490,27-Sep-2018
27610,Huntsman,10211047,27578.43,5-Oct-2018
27612,Beckman Coulter,10211014,166978.8,29-Sep-2018
27613,Piramal,11410027,101462.4,6-Oct-2018
27614,Cummins,10211087,26470,9-Oct-2018
27615,GE,10211144,175000,22-Oct-2018
27617,Piramal,10210997,10028,27-Sep-2018
27624,Cummins,10211000,93740,27-Sep-2018
27630,Cummins,10211067,45597.73,8-Oct-2018
27631,Piramal,11410028,5842.56,6-Oct-2018
27636,GE,10211083,7893.06,9-Oct-2018
27649,Henkel,10211025,18659.52,3-Oct-2018
27651,AMAT,10211011,26595.74,29-Sep-2018
27652,Piramal,11410029,50700,6-Oct-2018
27658,BITUFLEX,10211033,1408359.5,28-Sep-2018
27666,Cargill,10610443,20900,9-Oct-2018
27667,Henkel,10211097,87000,11-Oct-2018
27668,JSE,10211006,931302.75,28-Sep-2018
27670,Piramal,11210070,18600,10-Oct-2018
27671,Henkel,10910119,28000,1-Oct-2018
27678,Henkel,10211078,89052.63,9-Oct-2018
27679,Piramal,10211034,2446.65,4-Oct-2018
27688,Mirza,10211160,4035,25-Oct-2018
27691,GE,10211026,5625,1-Oct-2018
27692,BITUFLEX,10211012,4622800,29-Sep-2018
27692,BITUFLEX,10211030,1807076,29-Sep-2018
27694,BITUFLEX,10211013,5692716.75,29-Sep-2018
27697,GIA India Lab.,10211080,6400,9-Oct-2018
27699,Piramal,10211018,9038,1-Oct-2018
27701,Nivea India,10610442,24952.68,9-Oct-2018
27702,SSI,10211027,9600,3-Oct-2018
27705,Henkel,10211021,192165,1-Oct-2018
27708,Piramal,11410032,488470.5,16-Oct-2018
27709,Piramal,11210068,38678.34,1-Oct-2018
27710,Huntsman,10211234,28472.95,2-Nov-2018
27714,Magicbricks,10910132,67200,13-Oct-2018
27727,Piramal,11210069,6360,3-Oct-2018
27733,Covestro,10910122,1225,3-Oct-2018
27735,GHCL,10610424,6928.5,3-Oct-2018
27736,Henkel,10211140,19680.85,19-Oct-2018
27737,GE,10610456,34000,13-Oct-2018
27741,Henkel,10211109,8510.64,15-Oct-2018
27742,Covestro,10910123,44685,3-Oct-2018
27751,Henkel,10211062,27750,8-Oct-2018
27752,GHCL,10610425,443.5,3-Oct-2018
27758,Henkel,10211042,10075,4-Oct-2018
27761,Henkel,10211061,79594,8-Oct-2018
27767,Micron Enterprises,10610439,320,8-Oct-2018
27768,BITUFLEX,10211033,1003690,25-Sep-2018
27777,Henkel,10211088,3518,10-Oct-2018
27778,AMAT,10211059,26595.74,6-Oct-2018
27779,GE,10610501,546113.57,31-Oct-2018
27780,Piramal,11410035,10165.8,30-Oct-2018
27781,Piramal,11410031,168669.6,16-Oct-2018
27783,GHCL,10610426,36025,4-Oct-2018
27790,Henkel,10211038,94500,4-Oct-2018
27792,AMAT,10211172,6559.14,25-Oct-2018
27794,Henkel,10211072,8500,8-Oct-2018
27799,ZF India,10211040,34200,4-Oct-2018
27800,Midland Credit,10910130,321300,13-Oct-2018
27802,Kirloskar,10211204,8697.48,31-Oct-2018
27806,GE Power Systems,10610431,39375,5-Oct-2018
27807,GE,10610435,56110.88,6-Oct-2018
27810,Piramal,11210082,18600,2-Nov-2018
27825,Max MRO,10211077,4580,9-Oct-2018
27826,Henkel,10211075,220660,6-Oct-2018
27832,Inarco,10610440,4608,8-Oct-2018
27834,Inarco,10610460,6891.96,15-Oct-2018
27835,Henkel,10211054,38512,5-Oct-2018
27836,Henkel,10211053,40652.17,5-Oct-2018
27837,GE Power Systems,10610429,19200,5-Oct-2018
27841,Huntsman,10211174,51280,23-Oct-2018
27853,GE Power Systems,10610433,45450,6-Oct-2018
27860,GE,10211117,111625,15-Oct-2018
27869,RIL,10211163,80446.02,24-Oct-2018
27872,Stanley Engineered,10211196,94975,30-Oct-2018
27874,Nivea India,10610434,24429.62,6-Oct-2018
27878,ABB India,10610437,214.88,8-Oct-2018
27881,Piramal,11210074,2581.05,16-Oct-2018
27884,Piramal,11210080,88415.77,30-Oct-2018
27896,GE Power Systems,10610438,22383,8-Oct-2018
27902,Henkel,10211216,79676.25,1-Nov-2018
27907,ARB Buildcon,10610458,1937000,13-Oct-2018
27910,Covestro,10910128,14150,9-Oct-2018
27912,Cummins,10211141,128492.58,20-Oct-2018
27917,Piramal,11410036,133924,30-Oct-2018
27917,Piramal,11410037,133924,30-Oct-2018
27919,ZF India,10211090,27970.16,10-Oct-2018
27922,ABB India,10610441,1270,8-Oct-2018
27923,Cummins - Recon India,10211150,69826.59,22-Oct-2018
27924,Graziano,10910127,56050,8-Oct-2018
27925,Hyosung,10211133,92400,17-Oct-2018
27929,Cummins,10211267,11460,13-Nov-2018
27932,Huntsman,10211187,7737,29-Oct-2018
27934,Delhivery,10910138,178000,23-Oct-2018
27938,GE,10610473,12000,22-Oct-2018
27946,GlaxoSmithKline,10910137,2736,23-Oct-2018
27946,GlaxoSmithKline,10910139,2736,23-Oct-2018
27949,Piramal,11410030,15300,9-Oct-2018
27959,AMAT,10211084,12489.45,9-Oct-2018
27960,Henkel,10211135,107698,17-Oct-2018
27962,Godrej,10211096,7070,11-Oct-2018
27965,Godrej,10211082,24825,9-Oct-2018
27967,GE,10211095,277335.36,11-Oct-2018
27969,Covestro,10910145,16421,25-Oct-2018
27979,GE,10211099,267234.24,11-Oct-2018
27986,IR,10610467,6612.5,17-Oct-2018
27990,ABB India,10610449,2030,10-Oct-2018
27991,SSI,10211136,5684.24,17-Oct-2018
27992,SSI,10211106,98952,13-Oct-2018
27994,SSI,10211121,5473.68,16-Oct-2018
27995,Piramal,11210071,5850,10-Oct-2018
27996,ABB India,10610445,2651,10-Oct-2018
27997,ABB India,10610446,2535,10-Oct-2018
27999,SSI,10211123,340430,16-Oct-2018
28003,Piramal,11210072,2600,10-Oct-2018
28005,Hyosung,10211094,3000,10-Oct-2018
28007,GE Power Systems,10610447,3600,10-Oct-2018
28008,ABB India,10610448,2825.55,10-Oct-2018
28009,AMAT,10211104,110620.96,12-Oct-2018
28011,Midland Credit,10910129,37686.7,11-Oct-2018
28012,Henkel,10211157,539886.6,24-Oct-2018
28017,GIA India Lab.,10211241,4435.98,3-Nov-2018
28026,ZF India,10211122,1577.8,16-Oct-2018
28027,Cargill,10211222,239838,1-Nov-2018
28039,Piramal,11210075,47150,16-Oct-2018
28041,ABB India,10610451,54500,11-Oct-2018
28043,Henkel,10211118,258532.8,16-Oct-2018
28044,Henkel,10211131,34889,17-Oct-2018
28047,Demosha Chemicals,10211126,9546,16-Oct-2018
28053,Henkel,10211148,215957.46,23-Oct-2018
28056,Henkel,10211227,18723.4,2-Nov-2018
28058,Henkel,10211098,244985,11-Oct-2018
28060,Henkel,10211100,184000,11-Oct-2018
28061,Henkel,10211161,5260,24-Oct-2018
28064,APM Terminals,10211176,13243,24-Oct-2018
28066,GE Power Systems,10610452,816148,12-Oct-2018
28070,Henkel,10211147,242553.2,23-Oct-2018
28079,ZF India,10211120,3320.62,16-Oct-2018
28083,AMAT,10211130,16631.58,17-Oct-2018
28085,Inarco,10610455,1329,12-Oct-2018
28096,Troikaa Pharma,10610454,3800,12-Oct-2018
28097,Godrej,10211110,98010,15-Oct-2018
28104,AMAT,10211138,11144.57,17-Oct-2018
28107,Henkel,10211146,15324.5,23-Oct-2018
28127,Henkel,10211107,167420,13-Oct-2018
28136,Piramal,11410033,101117.7,25-Oct-2018
28139,ABB India,10610461,4620,16-Oct-2018
28140,Cummins,10211127,374230.01,16-Oct-2018
28141,Cummins,10211116,46491.5,15-Oct-2018
28146,Henkel,10211132,33445,17-Oct-2018
28151,Henkel,10211213,288478.76,1-Nov-2018
28163,Cummins,10211185,121832.56,26-Oct-2018
28164,AMAT,10211169,5876.34,25-Oct-2018
28177,Husco,10211128,18053,16-Oct-2018
28178,Covestro,10910134,6000,16-Oct-2018
28181,Delhivery,10910133,516000,15-Oct-2018
28204,IR,10610462,24965,16-Oct-2018
28208,Inarco,10610468,8016.6,19-Oct-2018
28211,AMAT,10211137,364086.02,17-Oct-2018
28212,Piramal,11410034,85870.2,24-Oct-2018
28213,Graziano,10910141,389268,24-Oct-2018
28218,Piramal,11210073,1064.8,16-Oct-2018
28224,ABB India,10610464,109000,17-Oct-2018
28229,IR,10610466,31451.7,17-Oct-2018
28230,GE Power Systems,10610465,10242,17-Oct-2018
28232,Godrej,10211156,23300,24-Oct-2018
28235,AMAT,10211142,23496.8,19-Oct-2018
28239,KBS Creations,10211197,49793.85,30-Oct-2018
28242,Trident Computer,10211134,244215,17-Oct-2018
28246,Graziano,10910136,199750,23-Oct-2018
28250,IR,10610474,1274.64,19-Oct-2018
28253,Henkel,10211180,24985.08,26-Oct-2018
28277,Cargill,10211184,25000,29-Oct-2018
28281,Henkel,10211168,20000,25-Oct-2018
28288,Cummins,10211223,30340.91,1-Nov-2018
28291,AMAT,10211244,64517,5-Nov-2018
28296,Cummins,10211158,137668.62,24-Oct-2018
28297,GE Power Systems,10610469,2400,20-Oct-2018
28301,Godrej,10211151,7200,23-Oct-2018
28302,IR,10610485,9000,25-Oct-2018
28308,Graziano,10910142,2341440,25-Oct-2018
28309,IR,10610472,9919,22-Oct-2018
28312,Huntsman,10211175,165362.4,26-Oct-2018
28324,IR,10610471,4294,22-Oct-2018
28340,Henkel,10211195,326422.06,29-Oct-2018
28342,Sparsh Welfare Trust,10910143,129600,25-Oct-2018
28344,Covestro,10211208,6600,31-Oct-2018
28350,ABB India,10610483,8783.12,25-Oct-2018
28352,GE,10211155,7800,23-Oct-2018
28355,ARB Buildcon,10610497,894000,31-Oct-2018
28356,IR,10610493,19390,30-Oct-2018
28362,AMAT,10211194,7326.89,29-Oct-2018
28363,IR,10610475,19383.65,23-Oct-2018
28369,Cummins,10211183,3250,29-Oct-2018
28372,GE Power Systems,10610480,10070,25-Oct-2018
28377,GE Power Systems,10610476,20750,25-Oct-2018
28377,GE Power Systems,10610513,31540,3-Nov-2018
28381,Delhivery,10910140,178000,23-Oct-2018
28387,Piramal,10211164,21500,24-Oct-2018
28391,Henkel,10211167,20400,25-Oct-2018
28393,Vako Seals,10211214,36180,1-Nov-2018
28396,Henkel,10211268,99117.5,13-Nov-2018
28403,Inarco,10610481,12120.96,25-Oct-2018
28409,Piramal,11210077,1552.98,26-Oct-2018
28414,Piramal,11210076,8671.06,25-Oct-2018
28421,Henkel,10211251,19782.63,6-Nov-2018
28421,Henkel,10211253,19782.63,6-Nov-2018
28427,Piramal,10211166,4950,24-Oct-2018
28428,Piramal,10211192,1505,30-Oct-2018
28434,IR,10610479,3400,25-Oct-2018
28443,AMAT,10211162,1500,25-Oct-2018
28447,KazStroy,10211275,11370450,25-Oct-2018
28448,Inarco,10610482,10878,26-Oct-2018
28455,Henkel,10211198,466,30-Oct-2018
28458,Henkel,10910144,5263.16,25-Oct-2018
28459,Cargill,10211229,16814,2-Nov-2018
28464,GHCL,10610478,4215.4,25-Oct-2018
28468,IR,10610477,3400,25-Oct-2018
28477,IR,10610484,8484,26-Oct-2018
28479,Piramal,11210079,51888,30-Oct-2018
28496,Henkel,10211256,11755.32,12-Nov-2018
28506,JSE,10211190,950729.25,31-Aug-2018
28507,Piramal,10211186,27405,26-Oct-2018
28511,Covestro,10910151,6150,26-Oct-2018
28512,Covestro,10910148,10600,26-Oct-2018
28516,IR,10610486,17820,29-Oct-2018
28517,IR,10610487,24725,29-Oct-2018
28522,Inarco,10610488,1995,29-Oct-2018
28532,Flextronics,10211236,24800,5-Nov-2018
28534,Flextronics,10211219,677680,1-Nov-2018
28535,Taj Hotel,10910160,4040,14-Nov-2018
28540,GE Power Systems,10610490,21787.5,29-Oct-2018
28552,Piramal,10211193,5150,29-Oct-2018
28554,SSI,10910150,56867.52,29-Oct-2018
28559,Flextronics,10211220,413388,1-Nov-2018
28565,GlaxoSmithKline,10910152,27500,30-Oct-2018
28572,Piramal,11410038,6726,13-Nov-2018
28578,Piramal,11410039,56975,13-Nov-2018
28579,Flextronics,10211200,232200,30-Oct-2018
28588,GE,10610494,509337,30-Oct-2018
28591,Henkel,10211272,48800,14-Nov-2018
28594,GE Power Systems,10610492,211375,30-Oct-2018
28597,Henkel,10211211,8500,1-Nov-2018
28601,GE,10211248,211989.3,5-Nov-2018
28603,GE,10610495,266495,30-Oct-2018
28604,IR,10610500,39747.61,31-Oct-2018
28605,GE,10610496,583000,30-Oct-2018
28613,Piramal,11210081,10400.3,31-Oct-2018
28614,Inarco,10610511,5391.3,3-Nov-2018
28618,GE,10610510,20627.92,3-Nov-2018
28624,Cummins,10211203,17679.04,31-Oct-2018
28626,IR,10610504,22080,1-Nov-2018
28628,Henkel,10211264,117262.5,1-Nov-2018
28629,Henkel,10211224,40000,2-Nov-2018
28629,Henkel,10211261,40000,13-Nov-2018
28631,The Lalit,10211215,6941.3,1-Nov-2018
28635,VVF India,10211205,3408.89,31-Oct-2018
28636,AMAT,10211249,11000,5-Nov-2018
28641,Henkel,10211231,56491,2-Nov-2018
28642,GE Power Systems,10610499,9192,31-Oct-2018
28647,GE Power Systems,10610507,23272,1-Nov-2018
28661,Maschio,10211212,104820,1-Nov-2018
28668,Beckman Coulter,10211225,76693.5,2-Nov-2018
28671,AMAT,10211243,114579.79,5-Nov-2018
28672,GE Power Systems,10610506,6000,1-Nov-2018
28674,Hyosung,10211218,4800,1-Nov-2018
28677,Henkel,10211217,94440,1-Nov-2018
28679,Henkel,10211265,66842,1-Nov-2018
28690,Covestro,10910154,23100,2-Nov-2018
28694,Henkel,10211228,180921.05,2-Nov-2018
28698,GE Power Systems,10610505,26375,2-Nov-2018
28702,Godrej,10211233,70000,2-Nov-2018
28711,GE Power Systems,10610512,517978,3-Nov-2018
28713,IR,10610508,21496.15,2-Nov-2018
28716,JSE,10211258,1299973.57,12-Nov-2018
28717,Flextronics,10211237,24000,6-Nov-2018
28718,Reliance,10211263,17176.44,13-Nov-2018
28722,GIA India Lab.,10211242,2957.32,3-Nov-2018
28724,Bharti Airtel,10910159,2400,14-Nov-2018
28731,GE Power Systems,10610514,8000,5-Nov-2018
28742,Jai Bhavani,10211266,12000,12-Nov-2018
28746,Henkel,10211245,94500,5-Nov-2018
28747,Godrej,10211238,26000,5-Nov-2018
28749,GE,10610515,1305.6,12-Nov-2018
28765,Cummins,10211240,118600,5-Nov-2018
28787,GlaxoSmithKline,10910157,102600,12-Nov-2018
28788,Flextronics,10211250,86000,12-Nov-2018
28795,Flextronics,10211252,215000,12-Nov-2018
28799,GHCL,10610517,7830,13-Nov-2018
28800,AMAT,10211257,38700,12-Nov-2018
28801,Piramal,10211273,4341.45,14-Nov-2018
28803,Flextronics,10211247,8800,12-Nov-2018
28807,Graziano,10910158,419040,12-Nov-2018
28843,Henkel,10211270,18000,13-Nov-2018
28845,GE Power Systems,10610516,324000,13-Nov-2018
28871,ABB India,10610518,11200,13-Nov-2018
28876,Central Gas,10211269,11435.29,13-Nov-2018
28892,Piramal,11210083,45050,14-Nov-2018
28902,Flextronics,10211271,193500,14-Nov-2018
28919,BITUFLEX,10211274,1068779.4,15-Oct-2018
AMAZON_1,Amazon Online Sales,AMAZON_1,91481.85,31-May-2018
Bitu1,BITUFLEX,Bitu1,5000000,30-Sep-2018
CUMM1,Cummins,CUMM1,5800000,1-Oct-2018
GA1,Galiakotwala,GA1,20000000,31-Aug-2018
JSE1,JSE,JSE1,14049270.75,31-Aug-2018
JSE2,JSE,JSE2,5000000,30-Sep-2018
O-0003,FlipKart,Order3,3150.84,30-Apr-2018
O-0004,FlipKart,Order4,19670.53,30-Apr-2018
O-0005,FlipKart,Order5,1677.96,31-May-2018
O-0006,FlipKart,Order6,20705.79,31-May-2018
TATA1,Tata Project,TATA1,45000000,30-Sep-2018
WTE-1,IEC-TSL,WTE-1,23000000,1-Apr-2018
WTE-10,IEC-TSL,WTE-11,-5690476,30-Jul-2018
WTE-11,IEC-TSL,WTE-11,21904762,30-Jul-2018
WTE-12,IEC-TSL,WTE-12,21904762,30-Jul-2018
WTE-13,IEC-TSL,WTE-13,21904762,30-Jul-2018
WTE-14,IEC-TSL,WTE-14,43809524,31-Aug-2018
WTE-14,IEC-TSL,WTE-14,6190476,1-Oct-2018
WTE-15,IEC-TSL,WTE-15,8571429,1-Oct-2018
WTE-16,IEC-TSL,WTE-16,21904762,1-Oct-2018
WTE-17,IEC-TSL,WTE-17,21904762,1-Oct-2018
WTE-18,IEC-TSL,WTE-18,952381,1-Oct-2018
WTE-19,IEC-TSL,WTE-19,12380952,1-Nov-2018
WTE-2,IEC-TSL,WTE-2,4000000,1-Apr-2018
WTE-3,IEC-TSL,WTE-3,46000000,1-May-2018
WTE-4,IEC-TSL,WTE-4,6500000,1-May-2018
WTE-5,IEC-TSL,WTE-5,3500000,1-May-2018
WTE-6,IEC-TSL,WTE-6,3500000,1-Jun-2018
WTE-7,IEC-TSL,WTE-7,23000000,1-Jun-2018
WTE-8,IEC-TSL,WTE-8,6000000,1-Jun-2018
WTE-9,IEC-TSL,WTE-9,4000000,1-Jun-2018
